horizon,n_episodes,avg_first_cross_lead_months,avg_max_lead_months,avg_max_p_pre,share_crossed
12m,3,10.0,6.666666666666667,0.24694694479155113,0.6666666666666666
3m,3,,11.333333333333334,0.1213885041572208,0.0
6m,3,10.0,9.0,0.16270541742627545,0.6666666666666666
