period,date,activity_index,momentum_index,activity_ma3,momentum_ma3,diffusion,diffusion_ma3,coverage_pct,status,hiring_rate,separations_rate,job_finding_rate,flow_consistent_ur,ur_predicted_change,ur_forecast,ur_forecast_50_lo,ur_forecast_50_hi,ur_forecast_68_lo,ur_forecast_68_hi,actual_ur
199907,1999-07-01,4.834352716179848,,,,0.0,,72.5,preliminary,,,,,-0.02404501357349047,,,,,,11.2
199908,1999-08-01,4.689070942521719,-0.14528177365812844,4.761711829350784,,47.5,23.75,72.5,preliminary,,,,,-0.02404501357349047,11.17595498642651,11.003943144505525,11.30147296164903,10.993280801941982,11.398299613746207,11.4
199909,1999-09-01,4.723517766155696,0.034446823633977,4.748980474952421,-0.05541747501207572,55.00000000000001,34.166666666666664,72.5,preliminary,,,,,-0.02404501357349047,11.37595498642651,11.203943144505526,11.50147296164903,11.193280801941981,11.598299613746208,11.6
199910,1999-10-01,4.743371247077299,0.01985348092160244,4.718653318584905,-0.030327156367516334,47.5,50.0,72.5,preliminary,,,,,-0.02404501357349047,11.57595498642651,11.403943144505526,11.70147296164903,11.39328080194198,11.798299613746208,11.8
199911,1999-11-01,4.589660645134473,-0.1537106019428256,4.6855165527891565,-0.03313676579574872,50.0,50.833333333333336,72.5,preliminary,,,,,-0.02404501357349047,11.77595498642651,11.603943144505527,11.90147296164903,11.593280801941983,11.998299613746209,11.8
199912,1999-12-01,4.404502142783511,-0.1851585023509621,4.579178011665094,-0.10633854112406176,40.0,45.833333333333336,72.5,preliminary,,,,,-0.02404501357349047,11.77595498642651,11.603943144505527,11.90147296164903,11.593280801941983,11.998299613746209,11.6
200001,2000-01-01,4.235654387076963,-0.16884775570654842,4.409939058331649,-0.16923895333344538,47.5,45.833333333333336,77.5,preliminary,,,,,-0.02404501357349047,11.57595498642651,11.403943144505526,11.70147296164903,11.39328080194198,11.798299613746208,11.2
200002,2000-02-01,4.50704880589747,0.2713944188205071,4.38240177858598,-0.027537279745667814,50.0,45.833333333333336,77.5,preliminary,,,,,-0.02404501357349047,11.17595498642651,11.003943144505525,11.30147296164903,10.993280801941982,11.398299613746207,10.8
200003,2000-03-01,4.736376505706218,0.22932769980874834,4.493026566226884,0.11062478764090233,65.0,54.166666666666664,77.5,preliminary,,,,,-0.02404501357349047,10.77595498642651,10.603943144505527,10.90147296164903,10.593280801941983,10.998299613746209,10.5
200004,2000-04-01,4.718942205695603,-0.01743430001061519,4.654122505766431,0.16109593953954673,47.5,54.166666666666664,77.5,preliminary,,,,,-0.02404501357349047,10.47595498642651,10.303943144505526,10.60147296164903,10.293280801941982,10.698299613746208,10.3
200005,2000-05-01,5.1029537609717375,0.3840115552761345,4.852757490791187,0.19863498502475588,47.5,53.333333333333336,77.5,preliminary,,,,,-0.02404501357349047,10.27595498642651,10.103943144505527,10.40147296164903,10.093280801941983,10.498299613746209,10.1
200006,2000-06-01,5.266927694335661,0.1639739333639234,5.029607887001,0.17685039620981424,42.5,45.833333333333336,77.5,preliminary,,,,,-0.02404501357349047,10.07595498642651,9.903943144505526,10.20147296164903,9.89328080194198,10.298299613746208,10.0
200007,2000-07-01,4.787711667216967,-0.47921602711869404,5.052531040841455,0.022923153840454624,35.0,41.666666666666664,80.0,preliminary,,,,,-0.02404501357349047,9.97595498642651,9.803943144505526,10.10147296164903,9.793280801941982,10.198299613746208,9.9
200008,2000-08-01,4.677072280476216,-0.11063938674075047,4.910570547342949,-0.14196049349850703,45.0,40.833333333333336,80.0,preliminary,,,,,-0.02404501357349047,9.87595498642651,9.703943144505526,10.00147296164903,9.693280801941981,10.098299613746208,9.8
200009,2000-09-01,4.54446025242054,-0.13261202805567596,4.6697480667045745,-0.2408224806383735,32.5,37.5,80.0,preliminary,,,,,-0.02404501357349047,9.77595498642651,9.603943144505527,9.90147296164903,9.593280801941983,9.998299613746209,9.7
200010,2000-10-01,4.6730038982829605,0.12854364586242006,4.631512143726572,-0.03823592297800212,60.0,45.833333333333336,80.0,preliminary,,,,,-0.02404501357349047,9.67595498642651,9.503943144505525,9.80147296164903,9.493280801941982,9.898299613746207,9.7
200011,2000-11-01,4.38833963593537,-0.2846642623475901,4.535267928879623,-0.09624421484694867,40.0,44.166666666666664,80.0,preliminary,,,,,-0.02404501357349047,9.67595498642651,9.503943144505525,9.80147296164903,9.493280801941982,9.898299613746207,9.8
200012,2000-12-01,4.326057102839307,-0.06228253309606302,4.462466879019213,-0.07280104986041103,50.0,50.0,80.0,preliminary,,,,,-0.02404501357349047,9.77595498642651,9.603943144505527,9.90147296164903,9.593280801941983,9.998299613746209,10.0
200101,2001-01-01,4.061050535504791,-0.2650065673345168,4.258482424759823,-0.20398445425938996,35.0,41.666666666666664,82.5,preliminary,,,,,-0.02404501357349047,9.97595498642651,9.803943144505526,10.10147296164903,9.793280801941982,10.198299613746208,10.4
200102,2001-02-01,4.438226346575395,0.3771758110706047,4.275111328306498,0.016628903546674973,50.0,45.0,82.5,preliminary,,,,,-0.02404501357349047,10.37595498642651,10.203943144505526,10.50147296164903,10.193280801941981,10.598299613746208,10.8
200103,2001-03-01,4.453517307779582,0.015290961204186715,4.317598063286589,0.042486734980091555,47.5,44.166666666666664,82.5,preliminary,,,,,-0.02404501357349047,10.77595498642651,10.603943144505527,10.90147296164903,10.593280801941983,10.998299613746209,11.1
200104,2001-04-01,4.258808964259695,-0.19470834351988664,4.383517539538224,0.06591947625163493,40.0,45.833333333333336,82.5,preliminary,,,,,-0.02404501357349047,11.07595498642651,10.903943144505526,11.20147296164903,10.89328080194198,11.298299613746208,11.2
200105,2001-05-01,4.46920437474577,0.21039541048607457,4.393843548928349,0.010326009390124883,45.0,44.166666666666664,82.5,preliminary,,,,,-0.02404501357349047,11.17595498642651,11.003943144505525,11.30147296164903,10.993280801941982,11.398299613746207,11.3
200106,2001-06-01,4.472575947391652,0.0033715726458822814,4.400196428799039,0.006352879870690072,75.0,53.333333333333336,82.5,preliminary,,,,,-0.02404501357349047,11.27595498642651,11.103943144505527,11.40147296164903,11.093280801941983,11.498299613746209,11.4
200107,2001-07-01,4.269429145899575,-0.20314680149207742,4.403736489345666,0.003540060546626478,52.5,57.5,82.5,preliminary,,,,,-0.02404501357349047,11.37595498642651,11.203943144505526,11.50147296164903,11.193280801941981,11.598299613746208,11.6
200108,2001-08-01,4.56273711927828,0.2933079733787052,4.434914070856503,0.031177581510836678,47.5,58.333333333333336,82.5,preliminary,,,,,-0.02404501357349047,11.57595498642651,11.403943144505526,11.70147296164903,11.39328080194198,11.798299613746208,11.7
200109,2001-09-01,4.67170159775414,0.1089644784758601,4.501289287643998,0.06637521678749596,57.49999999999999,52.5,82.5,preliminary,,,,,-0.02404501357349047,11.67595498642651,11.503943144505525,11.80147296164903,11.493280801941982,11.898299613746207,11.8
200110,2001-10-01,4.798030992737903,0.12632939498376317,4.677489903256774,0.17620061561277614,45.0,50.0,82.5,preliminary,,,,,-0.02404501357349047,11.77595498642651,11.603943144505527,11.90147296164903,11.593280801941983,11.998299613746209,11.8
200111,2001-11-01,4.495996606879202,-0.30203438585870135,4.655243065790415,-0.02224683746635936,50.0,50.833333333333336,82.5,preliminary,,,,,-0.02404501357349047,11.77595498642651,11.603943144505527,11.90147296164903,11.593280801941983,11.998299613746209,11.6
200112,2001-12-01,4.413085559998083,-0.08291104688111872,4.56903771987173,-0.08620534591868563,50.0,48.333333333333336,82.5,preliminary,,,,,-0.02404501357349047,11.57595498642651,11.403943144505526,11.70147296164903,11.39328080194198,11.798299613746208,11.4
200201,2002-01-01,4.2779799453608165,-0.13510561463726667,4.395687370746034,-0.17335034912569558,47.5,49.166666666666664,82.5,preliminary,,,,,-0.02404501357349047,11.37595498642651,11.203943144505526,11.50147296164903,11.193280801941981,11.598299613746208,11.2
200202,2002-02-01,4.679617407140212,0.4016374617793952,4.4568943041663704,0.0612069334203366,57.49999999999999,51.666666666666664,82.5,preliminary,,,,,-0.02404501357349047,11.17595498642651,11.003943144505525,11.30147296164903,10.993280801941982,11.398299613746207,13.4
200203,2002-03-01,4.764361242355266,0.08474383521505402,4.573986198285431,0.11709189411906085,47.5,50.833333333333336,82.5,preliminary,,,,,-0.02404501357349047,13.37595498642651,13.203943144505526,13.50147296164903,13.193280801941981,13.598299613746208,12.8
200204,2002-04-01,4.393899084170469,-0.37046215818479666,4.612625911221982,0.03863971293655085,47.5,50.833333333333336,82.5,preliminary,,,,,-0.02404501357349047,12.77595498642651,12.603943144505527,12.90147296164903,12.593280801941983,12.998299613746209,12.5
200205,2002-05-01,4.767372502704916,0.3734734185344468,4.64187760974355,0.02925169852156806,57.49999999999999,50.833333333333336,82.5,preliminary,,,,,-0.02404501357349047,12.47595498642651,12.303943144505526,12.60147296164903,12.293280801941982,12.698299613746208,12.4
200206,2002-06-01,4.489409340071285,-0.27796316263363074,4.55022697564889,-0.09165063409466019,40.0,48.333333333333336,82.5,preliminary,,,,,-0.02404501357349047,12.37595498642651,12.203943144505526,12.50147296164903,12.193280801941981,12.598299613746208,12.4
200207,2002-07-01,4.950283363031341,0.46087402296005564,4.735688401935847,0.18546142628695725,57.49999999999999,51.666666666666664,90.0,final,,,,,-0.02404501357349047,12.37595498642651,12.203943144505526,12.50147296164903,12.193280801941981,12.598299613746208,12.4
200208,2002-08-01,4.811566492657587,-0.13871687037375402,4.750419731920071,0.014731329984223626,60.0,52.5,90.0,final,,,,,-0.02404501357349047,12.37595498642651,12.203943144505526,12.50147296164903,12.193280801941981,12.598299613746208,12.3
200209,2002-09-01,5.011697715447831,0.20013122279024387,4.924515857045586,0.17409612512551517,47.5,55.0,90.0,final,,,,,-0.02404501357349047,12.27595498642651,12.103943144505527,12.40147296164903,12.093280801941983,12.498299613746209,12.1
200210,2002-10-01,4.855462751685028,-0.15623496376280244,4.892908986596815,-0.03160687044877086,47.5,51.666666666666664,90.0,final,,,,,-0.02404501357349047,12.07595498642651,11.903943144505526,12.20147296164903,11.89328080194198,12.298299613746208,11.9
200211,2002-11-01,4.540531216233391,-0.3149315354516373,4.8025638944554165,-0.09034509214139863,27.500000000000004,40.833333333333336,90.0,final,,,,,-0.02404501357349047,11.87595498642651,11.703943144505526,12.00147296164903,11.693280801941981,12.098299613746208,11.7
200212,2002-12-01,4.341404743569743,-0.19912647266364747,4.579132903829387,-0.22343099062602909,50.0,41.666666666666664,90.0,final,,,,,-0.02404501357349047,11.67595498642651,11.503943144505525,11.80147296164903,11.493280801941982,11.898299613746207,11.7
200301,2003-01-01,4.340102983405403,-0.0013017601643401377,4.407346314402846,-0.17178658942654165,52.5,43.333333333333336,90.0,final,,,,,-0.02404501357349047,11.67595498642651,11.503943144505525,11.80147296164903,11.493280801941982,11.898299613746207,11.9
200302,2003-02-01,5.016381406881569,0.6762784234761661,4.565963044618905,0.1586167302160595,62.5,55.0,90.0,final,,,,,-0.02404501357349047,11.87595498642651,11.703943144505526,12.00147296164903,11.693280801941981,12.098299613746208,12.1
200303,2003-03-01,5.328058529827417,0.3116771229458477,4.89484764003813,0.32888459541922455,77.5,64.16666666666667,97.5,final,1.5013208100968596,1.8524606202915566,9.241192411924118,55.23498351760553,-0.02404501357349047,12.07595498642651,11.903943144505526,12.20147296164903,11.89328080194198,12.298299613746208,12.3
200304,2003-04-01,5.027965213574637,-0.3000933162527799,5.124135050094542,0.2292874100564113,45.0,61.666666666666664,97.5,final,1.5280145433961443,1.80121485255217,9.261986581574211,54.103056243113066,-0.01994636936058786,12.280053630639413,12.10804178871843,12.405571605861933,12.097379446154886,12.502398257959111,12.4
200305,2003-05-01,5.417995599363467,0.39003038578882965,5.2580064475885075,0.13387139749396582,62.5,61.666666666666664,97.5,final,1.5521928392643376,1.746914789422135,9.397467320261438,52.95113060975408,-0.01987395644176975,12.380126043558231,12.208114201637247,12.505644018780751,12.197451859073702,12.60247067087793,12.4
200306,2003-06-01,5.068666725562277,-0.3493288738011895,5.171542512833461,-0.08646393475504659,47.5,51.666666666666664,97.5,final,1.592731829573935,1.7102295211713494,9.724520901538671,51.77867191166045,-0.019799607383447493,12.380200392616553,12.208188550695569,12.505718367839073,12.197526208132025,12.602545019936251,12.2
200307,2003-07-01,5.131204479643227,0.06253775408094953,5.20595560152299,0.03441308868952989,40.0,50.0,97.5,final,1.5316816963462143,1.6420874434352313,9.593682603574265,51.739347479707035,-0.023902622044384658,12.176097377955614,12.00408553603463,12.301615353178134,11.993423193471084,12.398442005275312,12.1
200308,2003-08-01,5.176415551388796,0.0452110717455696,5.125428918864767,-0.08052668265822345,57.49999999999999,48.333333333333336,97.5,final,1.4863639805709714,1.5908545094602928,9.545345916144237,51.69780808915294,-0.023894601805403717,12.076105398194596,11.904093556273612,12.201623373417116,11.893431213710066,12.298450025514294,11.9
200309,2003-09-01,4.968033746112799,-0.20838180527599715,5.091884592381607,-0.03354432648315934,45.0,47.5,97.5,final,1.4428682471822776,1.5415856976292266,9.398615207402438,51.65386117984112,-0.023885884317057796,11.876114115682942,11.704102273761958,12.001632090905462,11.693439931198412,12.09845874300264,11.8
200310,2003-10-01,5.751242644715698,0.7832088986028989,5.298563980739098,0.20667938835749045,70.0,57.5,97.5,final,1.9857929834734704,1.4630327631197448,13.268113134444015,42.42118537200504,0.009385979849970225,11.80938597984997,11.637374137928987,11.93490395507249,11.626711795365441,12.031730607169669,11.6
200311,2003-11-01,5.220358849937887,-0.5308837947778109,5.3132117469221285,0.014647766183030283,32.5,49.166666666666664,97.5,final,2.53834993713125,1.3937518135216171,17.107098624600745,35.44546662075073,0.0012136668514374054,11.601213666851438,11.429201824930454,11.726731642073958,11.41853948236691,11.823558294171136,11.5
200312,2003-12-01,5.7610114293720045,0.5406525794341173,5.577537641341864,0.2643258944197351,62.5,55.0,97.5,final,3.0920619554695064,1.3244917715392062,20.97187204538292,29.989259803169453,-0.00428839934462449,11.495711600655376,11.323699758734392,11.621229575877896,11.313037416170847,11.718056227975074,11.4
200401,2004-01-01,5.560344105287613,-0.20066732408439147,5.513904794865835,-0.06363284647602836,40.0,45.0,97.5,final,2.616443631462405,1.4373308515986865,17.81724490598694,35.4566061236176,-0.04384196330799251,11.356158036692008,11.184146194771024,11.481676011914528,11.173483852207479,11.578502664011706,11.4
200402,2004-02-01,5.640307494168908,0.0799633888812954,5.653887676276175,0.1399828814103404,57.49999999999999,53.333333333333336,97.5,final,2.1565476763206006,1.5565391235553845,14.812930003238451,41.920353803939406,-0.04744987590043856,11.352550124099562,11.180538282178578,11.478068099322082,11.169875939615032,11.57489475141926,11.3
200403,2004-03-01,5.582557574088482,-0.05774992008042634,5.594403057848335,-0.05948461842784081,52.5,50.0,97.5,final,1.696856071531584,1.6752876325994297,11.768510615597997,49.680196918866,-0.05214296367393914,11.247857036326062,11.075845194405078,11.373375011548582,11.065182851841534,11.47020166364576,11.2
200404,2004-04-01,5.643457110893383,0.06089953680490101,5.622107393050258,0.027704335201923353,42.5,50.833333333333336,97.5,final,1.7687375777393086,1.6198841657583722,12.477159656264133,47.803628978853034,-0.017250067908009075,11.18274993209199,11.010738090171007,11.30826790731451,11.000075747607461,11.405094559411689,11.0
200405,2004-05-01,6.175883983692009,0.5324268727986263,5.800632889557957,0.17852549650770033,47.5,47.5,97.5,final,1.8355397799948836,1.5600963588300503,13.19162920676944,45.94415582377223,-0.017311967150930346,10.982688032849069,10.810676190928085,11.108206008071589,10.80001384836454,11.205032660168767,10.8
200406,2004-06-01,6.1603396285248735,-0.015544355167135926,5.993226907703421,0.1925940181454638,75.0,55.0,97.5,final,1.8965648854961832,1.4963104325699745,14.053098596528441,44.10154492275386,-0.01737302441281185,10.782626975587188,10.610615133666204,10.908144950809708,10.599952791102659,11.004971602906886,10.5
200407,2004-07-01,6.493920338396831,0.3335807098719572,6.276714650204571,0.2834877425011492,52.5,58.333333333333336,97.5,final,1.8129988957248777,1.524036388494505,13.899895018456432,45.670370813924904,-0.029725642801886012,10.470274357198115,10.29826251527713,10.595792332420634,10.287600172713585,10.692618984517813,10.2
200408,2004-08-01,6.433708776350323,-0.060211562046507794,6.362656247757343,0.08594159755277116,47.5,58.333333333333336,97.5,final,1.7506569158197993,1.5691476451282702,13.613490891186608,47.266265718972114,-0.029823658159915327,10.170176341840085,9.9981644999191,10.295694317062605,9.987502157355557,10.392520969159783,10.0
200409,2004-09-01,6.222875659896663,-0.2108331164536601,6.383501591547939,0.020845343790596438,30.0,43.333333333333336,97.5,final,1.6809984813971148,1.6079789926600863,13.061209439528024,48.8899363204371,-0.02992423237519175,9.970075767624808,9.798063925703824,10.095593742847328,9.78740158314028,10.192420394944506,10.0
200410,2004-10-01,6.337727141821351,0.11485148192468841,6.331437192689446,-0.052064398858493156,52.5,43.333333333333336,97.5,final,1.6886119503188988,1.585106159785163,13.19010160603081,48.419140148104475,-0.02234028743898414,9.977659712561016,9.805647870640032,10.103177687783536,9.794985528076488,10.200004339880714,10.0
200411,2004-11-01,5.653562286730406,-0.6841648550909456,6.07138836281614,-0.26004882987330574,30.0,37.5,97.5,final,1.709146924912989,1.5744508585428432,13.086790107354428,47.948956065069815,-0.022342503779481826,9.977657496220518,9.805645654299534,10.103175471443038,9.79498331173599,10.200002123540216,10.2
200412,2004-12-01,6.00190037222641,0.3483380854960041,5.997729933592723,-0.0736584292234177,70.0,50.833333333333336,97.5,final,1.7286314658577433,1.5627073656270738,13.007399376093737,47.47938287842859,-0.02234471580054011,10.177655284199458,10.005643442278474,10.303173259421978,9.99498109971493,10.399999911519156,10.4
200501,2005-01-01,5.669290236412822,-0.3326101358135878,5.774917631789879,-0.2228123018028431,32.5,44.166666666666664,97.5,final,1.7541953130775483,1.6300309434041969,12.94514195755691,48.16554272286698,-0.026529559302627157,10.373470440697373,10.201458598776389,10.498988415919893,10.190796256212845,10.595815068017071,10.6
200502,2005-02-01,5.595203818097293,-0.0740864183155292,5.755464808912175,-0.019452822877704296,52.5,51.666666666666664,97.5,final,1.7743154516857726,1.6923913272953746,12.739295688717606,48.81841572400773,-0.02640902953828442,10.573590970461716,10.401579128540732,10.699108945684236,10.390916785977186,10.795935597781414,10.9
200503,2005-03-01,6.263877881658036,0.6686740635607435,5.8427906453893845,0.08732583647720886,62.5,49.166666666666664,97.5,final,1.797830843877842,1.7580312688294804,12.488764936026227,49.440366727014904,-0.02629706274363467,10.873702937256366,10.701691095335383,10.999220912478886,10.691028752771839,11.096047564576065,11.2
200504,2005-04-01,6.26565728100208,0.0017793993440440303,6.041579660252469,0.19878901486308612,55.00000000000001,56.666666666666664,97.5,final,1.769857090122871,1.7558192269155721,12.1237276367874,49.800919569112764,-0.025350554886091666,11.174649445113907,11.002637603192923,11.300167420336427,10.991975260629378,11.396994072433605,11.3
200505,2005-05-01,6.166578254181354,-0.09907902682072667,6.232037805613824,0.19045814536135364,40.0,52.5,97.5,final,1.748634745592631,1.7602856207286286,11.846999838266212,50.16601794739805,-0.025367014013819196,11.274632985986182,11.102621144065198,11.400150961208702,11.091958801501654,11.49697761330588,11.3
200506,2005-06-01,6.105957939727026,-0.060620314454327584,6.179397824970152,-0.05263998064367007,67.5,54.166666666666664,97.5,final,1.726854495843645,1.7642616917317087,11.678811755415937,50.53574836639917,-0.025383786369518782,11.274616213630482,11.102604371709498,11.400134188853002,11.091942029145955,11.49696084095018,11.2
200507,2005-07-01,6.491395391846919,0.3854374521198931,6.254643861918432,0.07524603694827962,40.0,49.166666666666664,97.5,final,1.700256922637739,1.7102166397056493,11.419879333265163,50.146016629154964,-0.022633817142910004,11.177366182857089,11.005354340936105,11.302884158079609,10.99469199837256,11.399710810176787,11.2
200508,2005-08-01,6.724610246146153,0.23321485429923428,6.440654525906699,0.1860106639882666,57.49999999999999,55.0,97.5,final,1.677664409904326,1.660150662725279,11.105289956614866,49.73764653226805,-0.022566328703847664,11.177433671296152,11.005421829375168,11.302951646518672,10.994759486811624,11.39977829861585,11.3
200509,2005-09-01,6.480073674883587,-0.24453657126256623,6.565359770958886,0.12470524505218705,47.5,48.333333333333336,97.5,final,1.6472639655063088,1.6023714412529324,10.742004176228576,49.30926829268294,-0.022493880358332104,11.277506119641668,11.105494277720684,11.403024094864188,11.094831935157139,11.499850746961366,11.5
200510,2005-10-01,6.997237156928567,0.51716348204498,6.7339736926527705,0.16861392169388267,57.49999999999999,54.166666666666664,97.5,final,1.6236620431946291,1.5412523486815715,10.441320519948112,48.69807387642792,-0.02183191339153289,11.478168086608466,11.306156244687482,11.603686061830986,11.295493902123937,11.700512713928164,11.7
200511,2005-11-01,5.291976899972464,-1.7052602569561035,6.256429243928206,-0.47754444872456325,55.00000000000001,53.333333333333336,97.5,final,1.5934605934605934,1.474117474117474,10.397859010408958,48.0547663871299,-0.021715633782451796,11.678284366217547,11.506272524296563,11.803802341440067,11.495610181733017,11.900628993537245,11.6
200512,2005-12-01,5.110748118911012,-0.1812287810614519,5.799987391937347,-0.45644185199085846,55.00000000000001,55.833333333333336,97.5,final,1.584881689693505,1.4268699380657457,10.323888733720219,47.37674663854469,-0.021589942667969167,11.57841005733203,11.406398215411047,11.70392803255455,11.395735872847503,11.800754684651729,11.5
200601,2006-01-01,5.638453792061731,0.5277056731507193,5.347059603648401,-0.45292778828894537,50.0,53.333333333333336,97.5,final,1.5961825953298383,1.508085402059251,10.884610138341483,48.58103112642524,-0.028405659136301203,11.4715943408637,11.299582498942716,11.59711231608622,11.28892015637917,11.693938968183398,11.0
200602,2006-02-01,5.568145540438234,-0.07030825162349696,5.439115817136991,0.09205621348859012,42.5,49.166666666666664,97.5,final,1.6154250841750841,1.5963699494949495,11.373350815980324,49.70335693155424,-0.028108891412502536,10.971891108587497,10.799879266666514,11.097409083810017,10.78921692410297,11.194235735907196,10.6
200603,2006-03-01,5.711161485731298,0.1430159452930635,5.639253606077087,0.20013778894009526,70.0,54.166666666666664,97.5,final,1.6340271207820878,1.6839167455061494,11.678883118756538,50.75181538227578,-0.027841421927945486,10.572158578072054,10.40014673615107,10.697676553294574,10.389484393587527,10.794503205391752,10.4
200604,2006-04-01,5.630793314744416,-0.08036817098688154,5.636700113637983,-0.002553492439105002,40.0,50.833333333333336,97.5,final,1.604407678573315,1.7148532006381205,11.269321816306388,51.66370656124872,-0.027346919612613204,10.372653080387387,10.200641238466403,10.498171055609907,10.189978895902858,10.594997707707085,10.5
200605,2006-05-01,5.783979546886915,0.15318623214249882,5.70864478245421,0.07194466881622692,42.5,50.833333333333336,97.5,final,1.5710350380894866,1.7422735026434846,10.797764116635282,52.5841007930417,-0.027377708682740042,10.47262229131726,10.300610449396276,10.59814026653978,10.289948106832732,10.694966918636958,10.7
200606,2006-06-01,5.049825912703087,-0.7341536341838282,5.488199591444807,-0.22044519100940363,37.5,40.0,97.5,final,1.5390899227774588,1.7717148509796417,10.365317705411965,53.51311756655165,-0.027408930415359422,10.672591069584639,10.500579227663655,10.798109044807159,10.489916885100111,10.894935696904337,10.9
200607,2006-07-01,5.2938561895822325,0.2440302768791458,5.375887216390744,-0.11231237505406118,50.0,43.333333333333336,97.5,final,1.5512538635567028,1.7776928060839736,10.38903115663679,53.40105992974215,-0.0236392592507786,10.876360740749222,10.704348898828238,11.001878715971742,10.693686556264694,11.09870536806892,11.0
200608,2006-08-01,5.196635123353393,-0.09722106622883953,5.180105741879571,-0.19578147451117398,45.0,44.166666666666664,97.5,final,1.5728416402573706,1.7944449779655771,10.70205703233226,53.29053274688502,-0.023644800937401338,10.9763551990626,10.804343357141615,11.101873174285119,10.79368101457807,11.198699826382297,10.8
200609,2006-09-01,5.27591325930396,0.07927813595056676,5.255468190746528,0.07536244886695768,40.0,45.0,97.5,final,1.5912518853695323,1.807515805012676,11.116715989597346,53.18150487682822,-0.023650229863685646,10.776349770136315,10.604337928215331,10.901867745358835,10.593675585651788,10.998694397456013,10.5
200610,2006-10-01,5.655542904777741,0.37962964547378153,5.376030429145032,0.12056223839850293,42.5,42.5,97.5,final,1.6389905214284188,1.7346427883689584,11.66319898839717,51.41764468981788,-0.01765817626444089,10.48234182373556,10.310329981814576,10.60785979895808,10.29966763925103,10.704686451055258,10.3
200611,2006-11-01,5.2635950715066535,-0.39194783327108773,5.398350411862785,0.022319982717753522,47.5,43.333333333333336,97.5,final,1.682849243710037,1.6579242322349246,12.09388137101476,49.62695747474973,-0.01756103712328203,10.282438962876718,10.110427120955734,10.407956938099238,10.099764778392188,10.504783590196416,10.2
200612,2006-12-01,4.775610362483037,-0.4879847090236167,5.231582779589144,-0.16676763227364097,35.0,41.666666666666664,97.5,final,1.7607781796852087,1.6129305569133512,12.40888484698166,47.808826512378175,-0.017461664876848696,10.18253833512315,10.010526493202166,10.30805631034567,9.999864150638622,10.404882962442848,10.2
200701,2007-01-01,4.8978022122732385,0.1221918497902017,4.97900254875431,-0.2525802308348342,47.5,43.333333333333336,97.5,final,1.6756134147648132,1.6562305796635597,11.846917687841655,49.709127511167,-0.03092589529352073,10.169074104706478,9.997062262785494,10.294592079928998,9.986399920221949,10.391418732026176,10.3
200702,2007-02-01,4.8467964505982,-0.05100576167503856,4.840069675118158,-0.13893287363615117,37.5,40.0,97.5,final,1.6189171474927206,1.7262890973363851,11.320203276954333,51.60486292899931,-0.03090936358482564,10.269090636415175,10.097078794494191,10.394608611637695,10.086416451930646,10.491435263734873,10.4
200703,2007-03-01,4.960292244724358,0.11349579412615807,4.901630302531932,0.06156062741377374,60.0,48.333333333333336,97.5,final,1.5567691217217607,1.7908370384689738,10.723115093895776,53.496049199734365,-0.030892891382199215,10.3691071086178,10.197095266696817,10.49462508384032,10.186432924133271,10.591451735937499,10.6
200704,2007-04-01,4.4426705031352824,-0.5176217415890756,4.74991973281928,-0.15171056971265204,40.0,45.833333333333336,97.5,final,1.5840708913992683,1.736174138800382,10.674879447083233,52.29054250541213,-0.019679942470742603,10.580320057529256,10.408308215608272,10.705838032751776,10.397645873044727,10.802664684848954,10.9
200705,2007-05-01,4.761466889100604,0.3187963859653218,4.721476545653415,-0.028443187165865247,52.5,50.833333333333336,97.5,final,1.6111593317688406,1.6814650507388476,10.750393250393252,51.06762434463389,-0.01961689654205428,10.880383103457946,10.708371261536962,11.005901078680466,10.697708918973419,11.102727730777644,11.1
200706,2007-06-01,4.379431640309393,-0.38203524879121087,4.527856344181759,-0.1936202014716549,50.0,47.5,97.5,final,1.6434093544646307,1.6320706094575441,10.834814630758743,49.8269147555171,-0.019552474793022936,11.080447525206976,10.908435683285992,11.205965500429496,10.897773340722448,11.302792152526674,11.3
200707,2007-07-01,4.482741674322653,0.10331003401325933,4.541213401244217,0.013357057062456748,37.5,46.666666666666664,97.5,final,1.625798089895996,1.6219205150269305,10.714695792200517,49.940303096715525,-0.02445558630102893,11.275544413698972,11.103532571777988,11.401062388921492,11.092870229214444,11.49788904101867,11.5
200708,2007-08-01,4.351740335603937,-0.13100133871871567,4.404637883411994,-0.1365755178322224,45.0,44.166666666666664,97.5,final,1.6449733402132787,1.648477812177503,10.59183950340413,50.053203642654296,-0.02445382002216711,11.475546179977833,11.30353433805685,11.601064155200353,11.292871995493304,11.697890807297531,11.7
200709,2007-09-01,4.400319651974977,0.04857931637103974,4.411600553967189,0.006962670555194468,35.0,39.166666666666664,97.5,final,1.6473514211886304,1.6583010335917314,10.645043465556286,50.16561953431109,-0.024452065116606615,11.675547934883392,11.503536092962408,11.801065910105912,11.492873750398864,11.89789256220309,11.7
200710,2007-10-01,4.11103703651766,-0.28928261545731715,4.287699008032191,-0.12390154593499769,30.0,36.666666666666664,97.5,final,1.6153554646051234,1.6456939301414064,10.42544969452009,50.4651641521462,-0.0251296475796341,11.674870352420365,11.502858510499381,11.800388327642885,11.492196167935838,11.897214979740063,11.7
200711,2007-11-01,3.6776661709705962,-0.4333708655470634,4.063007619821078,-0.2246913882111136,25.0,30.0,97.5,final,1.5783553731570148,1.628156689032202,10.37370039746252,50.77656523520429,-0.025172579165140267,11.674827420834859,11.502815578913875,11.800345396057379,11.49215323635033,11.897172048154557,11.5
200712,2007-12-01,3.667097836234775,-0.010568334735821416,3.8186003479076773,-0.24440727191340064,37.5,30.833333333333332,97.5,final,1.5491972815916477,1.6189303654092386,10.410489251297259,51.100540943853765,-0.025218111168450887,11.474781888831549,11.302770046910565,11.600299864054069,11.292107704347021,11.697126516151247,11.2
200801,2008-01-01,3.190097101271831,-0.4770007349629437,3.5116203694924004,-0.3069799784152762,55.00000000000001,39.166666666666664,100.0,final,1.5163309062809502,1.6648599819331527,10.543458601324193,52.3344885747423,-0.028513067688216077,11.171486932311783,10.9994750903908,11.297004907534303,10.988812747827254,11.393831559631481,10.9
200802,2008-02-01,3.6763763967003555,0.48627929542852444,3.5111904447356537,-0.00042992475674689484,42.5,45.0,100.0,final,1.4926934971035324,1.7205126529901131,10.567924875940612,53.54504419020767,-0.02842836653222945,10.87157163346777,10.699559791546786,10.99708960869029,10.68889744898324,11.093916260787468,10.7
200803,2008-03-01,3.568403381821223,-0.10797301487913247,3.47829229326447,-0.03289815147118391,42.5,46.666666666666664,100.0,final,1.469897642172733,1.7772654436050885,10.49338618780145,54.73286671030767,-0.028346051288255493,10.671653948711743,10.499642106790759,10.797171923934263,10.488979764227214,10.893998576031441,10.6
200804,2008-04-01,3.506523377003111,-0.06188000481811207,3.5837677185082293,0.10547542524375997,40.0,41.666666666666664,100.0,final,1.4917604347778546,1.7502542400682348,10.411705804056611,53.98662299859349,-0.02134290758191632,10.578657092418084,10.4066452504971,10.704175067640604,10.395982907933554,10.801001719737782,10.8
200805,2008-05-01,3.787018552873937,0.28049517587082606,3.620648437232757,0.036880718724527174,42.5,41.666666666666664,100.0,final,1.5101830876478763,1.7189993105486066,10.247339327458022,53.233267699857336,-0.021317156930218982,10.778682843069781,10.606671001148797,10.904200818292301,10.596008658585252,11.001027470389479,11.1
200806,2008-06-01,3.588652741575463,-0.19836581129847408,3.627398223817504,0.006749786584746638,47.5,43.333333333333336,100.0,final,1.51091192517537,1.6681280852169393,10.003870468326667,52.472698668900485,-0.021291036416572866,11.078708963583427,10.906697121662443,11.204226938805947,10.896034779098898,11.301053590903125,11.5
200807,2008-07-01,3.4773072407309082,-0.11134550084455475,3.6176595117267696,-0.009738712090734255,42.5,44.166666666666664,100.0,final,1.4928285322359396,1.6748861454046642,9.429537714615666,52.87364285763776,-0.025496809652529043,11.474503190347471,11.302491348426488,11.600021165569991,11.291829005862944,11.69684781766717,11.9
200808,2008-08-01,3.633461148577518,0.15615390784660965,3.56647371029463,-0.05118580143213972,42.5,44.166666666666664,100.0,final,1.4544336867988321,1.6592351094425781,8.965104729117105,53.28874771284228,-0.02554808461954742,11.874451915380453,11.702440073459469,11.999969890602973,11.691777730895925,12.096796542700151,12.2
200809,2008-09-01,3.3136724317264123,-0.31978871685110555,3.474813607011613,-0.09166010328301688,22.5,35.833333333333336,100.0,final,1.4162960034265757,1.643899706764192,8.52262701363073,53.71877691645134,-0.025602124835379342,12.17439787516462,12.002386033243637,12.29991585038714,11.991723690680093,12.396742502484319,12.5
200810,2008-10-01,3.5826689916779237,0.2689965599515114,3.509934190660618,0.035120583649005166,45.0,36.666666666666664,100.0,final,1.4372064754958838,1.6868445770484557,8.479007188184935,53.99542288768389,-0.02504673288405617,12.474953267115945,12.30294142519496,12.600471242338465,12.292279082631417,12.697297894435643,12.7
200811,2008-11-01,3.365413733520091,-0.21725525815783264,3.4205850523081422,-0.0893491383524756,30.0,32.5,100.0,final,1.455027511537096,1.726348952786653,8.31453779456381,54.26421462992798,-0.025018293168081678,12.674981706831918,12.502969864910934,12.800499682054438,12.492307522347389,12.897326334151616,13.1
200812,2008-12-01,3.1979324550704877,-0.16748127844960337,3.382005060089501,-0.038579992218641536,52.5,42.5,100.0,final,1.4635992431032765,1.7549048899512,8.172617061505951,54.52548194448742,-0.024991047643850513,13.07500895235615,12.902997110435166,13.20052692757867,12.89233476787162,13.297353579675848,13.5
200901,2009-01-01,3.0694111353384934,-0.12852131973199432,3.2109191079763573,-0.17108595211314345,22.5,35.0,100.0,final,1.4314095013741657,1.816344158393628,7.643186582809223,55.92616770458791,-0.029116816960598636,13.470883183039401,13.298871341118417,13.596401158261921,13.288208998554872,13.6932278103591,14.0
200902,2009-02-01,2.881106453106894,-0.18830468223159924,3.0494833478386254,-0.1614357601377323,37.5,37.5,100.0,final,1.3848562674596736,1.8613927187528163,7.2029350281691435,57.33980131094526,-0.02916370037468901,13.970836299625311,13.798824457704328,14.096354274847831,13.788162115140782,14.19318092694501,14.4
200903,2009-03-01,2.452575041734725,-0.4285314113721692,2.801030876726704,-0.24845247111192093,47.5,35.833333333333336,100.0,final,1.3388685139907635,1.9081771257810378,6.819498712274129,58.766563130758534,-0.02921123688813771,14.370788763111863,14.198776921190879,14.496306738334383,14.188114578627335,14.59313339043156,14.7
200904,2009-04-01,2.523403112738269,0.07082807100354405,2.61902820252663,-0.1820026742000748,32.5,39.166666666666664,100.0,final,1.3358472618562305,1.843536259455542,6.69082865407521,57.98407921215251,-0.021211683856153313,14.678788316143846,14.506776474222862,14.804306291366366,14.496114131659319,14.901132943463544,15.0
200905,2009-05-01,2.393266068766879,-0.13013704397139003,2.4564147410799575,-0.16261346144667174,35.0,38.333333333333336,100.0,final,1.3329594507324702,1.7790240531139887,6.55718243637525,57.16688571501385,-0.02108600244853032,14.97891399755147,14.806902155630485,15.10443197277399,14.79623981306694,15.201258624871167,15.3
200906,2009-06-01,2.332506085377082,-0.060759983389797156,2.41639175562741,-0.04002298545254771,42.5,36.666666666666664,100.0,final,1.337025262366253,1.7234129832837657,6.418790289758032,56.31262077362137,-0.020951768859607405,15.279048231140393,15.10703638921941,15.404566206362913,15.096374046655864,15.501392858460092,15.6
200907,2009-07-01,2.075248384626876,-0.25725770075020593,2.2670068462569457,-0.14938490937046436,40.0,39.166666666666664,100.0,final,1.36884068048023,1.6898206090947017,6.384788937645067,55.2470655987391,-0.020186698954277955,15.579813301045721,15.407801459124737,15.705331276268241,15.397139116561192,15.80215792836542,15.8
200908,2009-08-01,1.9531864180664873,-0.12206196656038859,2.120313629356815,-0.14669321690013057,50.0,44.166666666666664,100.0,final,1.3931831230154545,1.6449435832542443,6.396577703969457,54.143350238145736,-0.020048523094527437,15.779951476905474,15.60793963498449,15.905469452127994,15.597277292420944,16.002296104225174,15.9
200909,2009-09-01,1.8861862027381515,-0.06700021532833578,1.9715403351438383,-0.14877329421297678,30.0,40.0,100.0,final,1.409503621268327,1.5894011658717542,6.4083783089180155,52.99938739927431,-0.01990278926723516,15.880097210732766,15.708085368811782,16.005615185955286,15.697423026248238,16.102441838052464,16.0
200910,2009-10-01,1.357310012645338,-0.5288761900928136,1.7322275444833257,-0.23931279066051267,55.00000000000001,45.0,100.0,final,1.4667160284888232,1.544449145570364,6.702597318896624,51.29074814213451,-0.017858128107412857,15.982141871892587,15.810130029971603,16.10765984711511,15.799467687408058,16.204486499212287,16.0
200911,2009-11-01,1.2280117847625003,-0.12929822788283762,1.49050266671533,-0.24172487776799567,20.0,35.0,100.0,final,1.532109117928033,1.5079550413379095,7.042658977023776,49.60273738768796,-0.017932822741149324,15.98206717725885,15.810055335337866,16.10758515248137,15.799392992774322,16.204411804578548,15.9
200912,2009-12-01,1.0062013689432454,-0.22181041581925487,1.1971743887836945,-0.29332827793163535,37.5,37.5,100.0,final,1.595752224940609,1.4691699464595964,7.348139004813313,47.93498380379454,-0.01800617280234879,15.881993827197652,15.709981985276668,16.007511802420172,15.699319642713125,16.10433845451735,15.9
201001,2010-01-01,0.8463187774012437,-0.15988259154200168,1.0268439770356632,-0.1703304117480314,45.0,34.166666666666664,100.0,final,1.5306963183304414,1.499958685978021,7.029881169225432,49.4928879679686,-0.029686095850275398,15.870313904149725,15.698302062228741,15.995831879372245,15.687639719665196,16.092658531469425,16.0
201002,2010-02-01,1.03286930963075,0.18655053222950624,0.9617964853250797,-0.06504749171058344,52.5,45.0,100.0,final,1.4672071179080524,1.5321320683470216,6.631922109038385,51.082320911494406,-0.029800259765168126,15.970199740234833,15.798187898313849,16.095717715457354,15.787525555750303,16.192544367554532,16.3
201003,2010-03-01,1.1682430470977399,0.13537373746698989,1.0158103780432446,0.05401389271816481,55.00000000000001,50.833333333333336,100.0,final,1.395461741424802,1.5550395778364117,6.242210220191109,52.704249534983546,-0.029917924772123426,16.270082075227876,16.098070233306892,16.395600050450398,16.087407890743346,16.492426702547576,16.6
201004,2010-04-01,1.0588213335086625,-0.10942171358907737,1.086644563412384,0.07083418536913959,22.5,43.333333333333336,100.0,final,1.3889900179652832,1.5629439269015242,6.024810166822003,52.94643972705985,-0.02492197046952462,16.575078029530477,16.403066187609493,16.700596004753,16.392403845045948,16.797422656850177,16.9
201005,2010-05-01,1.19764876961297,0.1388274361043076,1.1415710500731242,0.054926486660740036,42.5,40.0,100.0,final,1.355808968939098,1.54094283988774,5.88307230649073,53.19554251048556,-0.02494700056922173,16.87505299943078,16.703041157509794,17.0005709746533,16.69237881494625,17.097397626750478,17.0
201006,2010-06-01,0.7396713158512561,-0.45797745376171395,0.9987138063242962,-0.1428572437488279,40.0,35.0,100.0,final,1.338413107247621,1.5369177935179223,5.8106198263678595,53.451858118616016,-0.02497311779680425,16.975026882203196,16.80301504028221,17.100544857425717,16.792352697718666,17.197371509522895,16.9
201007,2010-07-01,0.8688970111545131,0.129225695303257,0.9354056988729131,-0.06330810745138311,42.5,41.666666666666664,100.0,final,1.375631245299237,1.5198834807731336,6.082532020827791,52.49096014216388,-0.020565656710973584,16.879434343289024,16.70742250136804,17.004952318511545,16.696760158804494,17.101778970608724,16.6
201008,2010-08-01,0.7646861362718541,-0.10421087488265901,0.7910848210925412,-0.14432087778037198,32.5,38.333333333333336,100.0,final,1.4158312672918687,1.5058867210424827,6.359966621634926,51.54113870863276,-0.020605764242230443,16.57939423575777,16.407382393836787,16.704912210980293,16.396720051273242,16.80173886307747,16.3
201009,2010-09-01,0.4776302056698368,-0.2870559306020173,0.7037377843654014,-0.08734703672713977,37.5,37.5,100.0,final,1.4544047233322535,1.4898657162400548,6.653326745718051,50.60220339190297,-0.02064518225135012,16.27935481774865,16.107342975827667,16.404872792971172,16.09668063326412,16.50169944506835,16.0
201010,2010-10-01,0.24074152244267083,-0.236888683227166,0.494352621461454,-0.20938516290394746,52.5,40.833333333333336,100.0,final,1.512607670468216,1.4533107165198982,7.000834082225587,49.00036099765149,-0.018244833467286482,15.981755166532713,15.809743324611729,16.107273141755233,15.799080982048185,16.20409979385241,15.8
201011,2010-11-01,0.21284665634267563,-0.027894866099995197,0.3104061281517278,-0.18394649330972615,37.5,42.5,100.0,final,1.5707602339181286,1.416265750286369,7.2822822822822815,47.41390793972447,-0.0183005573779016,15.781699442622099,15.609687600701115,15.907217417844619,15.59902525813757,16.0040440699418,15.8
201012,2010-12-01,-0.22326012053540667,-0.4361067768780823,0.0767760194166466,-0.23363010873508117,47.5,45.833333333333336,100.0,final,1.6228241242325747,1.3736728060671723,7.489333333333333,45.84262350403144,-0.018355482095361864,15.781644517904638,15.609632675983654,15.907162493127158,15.598970333420109,16.003989145224338,16.0
201101,2011-01-01,0.13313515587041355,0.35639527640582025,0.04090723055922751,-0.035868788857419086,35.0,40.0,100.0,final,1.544736017735367,1.40602183185137,7.080155243213632,47.64951593870327,-0.030587668201214547,15.969412331798786,15.797400489877802,16.094930307021308,15.786738147314257,16.191756959118486,16.2
201102,2011-02-01,-0.21996706107862005,-0.3531022169490336,-0.10336400858120438,-0.14427123914043188,52.5,45.0,100.0,final,1.4650812582071393,1.43702338357006,6.671494245306826,49.516594366840316,-0.030805598256769234,16.16919440174323,15.997182559822246,16.29471237696575,15.9865202172587,16.39153902906293,16.4
201103,2011-03-01,-0.20573971729001975,0.0142273437886003,-0.0975238741660754,0.005840134415128984,40.0,42.5,100.0,final,1.3883034582654357,1.4710483432916894,6.301912534622055,51.44691683236028,-0.031034601315235437,16.368965398684765,16.19695355676378,16.494483373907286,16.186291214200235,16.591310026004464,16.5
201104,2011-04-01,-0.7612302292957167,-0.555490512005697,-0.3956456692214522,-0.2981217950553768,40.0,44.166666666666664,100.0,final,1.3844516594516596,1.4865921115921115,6.334092559582756,51.778803464624964,-0.025246756172440845,16.47475324382756,16.302741401906577,16.600271219050082,16.29207905934303,16.69709787114726,16.5
201105,2011-05-01,-0.3426079704967136,0.4186222587990031,-0.43652597236081664,-0.04088030313936455,30.0,36.666666666666664,100.0,final,1.3894675925925926,1.5116343557098764,6.439371081833116,52.10552344064929,-0.0252280480043661,16.474771951995635,16.30276011007465,16.600289927218157,16.292097767511105,16.697116579315335,16.3
201106,2011-06-01,-0.37674482479504057,-0.03413685429832697,-0.49352767486249033,-0.057001702501673614,47.5,39.166666666666664,100.0,final,1.385466205505116,1.5268410433780084,6.542068794221271,52.427196476730096,-0.025209773322185946,16.274790226677815,16.10277838475683,16.400308201900337,16.092116042193286,16.497134853997515,16.1
201107,2011-07-01,-0.3196976656993338,0.05704715909570679,-0.346350153663696,0.14717752119879432,55.00000000000001,44.166666666666664,100.0,final,1.4512244702731145,1.4667814607547711,6.980240586887067,50.26656886328151,-0.016221504003876702,16.083778495996125,15.91176665407514,16.209296471218646,15.901104311511595,16.306123123315825,15.9
201108,2011-08-01,-0.5228126538357717,-0.2031149881364379,-0.406418381443382,-0.06006822777968603,25.0,42.50000000000001,100.0,final,1.5361726250784,1.4255680995802578,7.430764500408116,48.13277839317131,-0.01631867977189059,15.88368132022811,15.711669478307126,16.00919929545063,15.70100713574358,16.10602594754781,15.7
201109,2011-09-01,-0.4156762076351748,0.10713644620059687,-0.41939550905676004,-0.012977127613378084,57.49999999999999,45.833333333333336,100.0,final,1.602256343713956,1.3662773933102654,7.830588848725699,46.02532813657281,-0.016414056185295588,15.683585943814704,15.51157410189372,15.809103919037224,15.500911759330176,15.905930571134402,15.6
201110,2011-10-01,-0.40531681019905924,0.01035939743611558,-0.44793522389000184,-0.02853971483324182,50.0,44.166666666666664,100.0,final,1.6024112299914743,1.3780275466215162,7.886132016653518,46.235727351109176,-0.02480685714992112,15.575193142850079,15.403181300929095,15.700711118072599,15.39251895836555,15.797537770169777,15.5
201111,2011-11-01,-0.49253738731717434,-0.0872205771181151,-0.43784346838380284,0.010091755506199118,45.0,50.833333333333336,100.0,final,1.5915635652816513,1.3802236048535126,7.89115525652504,46.4442278614029,-0.024799982049964184,15.475200017950035,15.303188176029051,15.600717993172555,15.292525833465508,15.697544645269733,15.5
201112,2011-12-01,-0.8248510168025768,-0.33231362948540244,-0.5742350714396035,-0.13639160305580064,45.0,46.666666666666664,100.0,final,1.5984065460809647,1.3977174849267873,7.954009686682954,46.65085525370131,-0.024793199596352018,15.475206800403647,15.303194958482663,15.600724775626167,15.292532615919118,15.697551427723345,15.4
201201,2012-01-01,-0.8224949786832675,0.0023560381193092894,-0.7132944609343396,-0.1390593894947361,40.0,43.333333333333336,100.0,final,1.557672410717471,1.4043669057048058,7.867644806291232,47.41216289461957,-0.026801665195024436,15.373198334804975,15.201186492883991,15.498716310027495,15.190524150320446,15.595542962124673,15.3
201202,2012-02-01,-0.6998161105929189,0.12267886809034856,-0.7823873686929211,-0.06909290775858153,47.5,44.166666666666664,100.0,final,1.528474455162558,1.4212218649517685,7.837468971265789,48.18197233594148,-0.026832449730222866,15.273167550269777,15.101155708348793,15.398685525492297,15.09049336578525,15.495512177589475,15.1
201203,2012-03-01,-0.8028001597665382,-0.10298404917361925,-0.7750370830142416,0.007350285678679532,47.5,45.0,100.0,final,1.4969456649876756,1.4359661343907406,7.8055758903374715,48.960426791391086,-0.02686375283416196,15.073136247165838,14.901124405244854,15.198654222388358,14.890462062681308,15.295480874485536,14.9
201204,2012-04-01,-1.0230792764515924,-0.22027911668505418,-0.8418985156036832,-0.06686143258944162,37.5,44.166666666666664,100.0,final,1.5385242704676807,1.4029122197402168,8.206196017467313,47.69479893278473,-0.01946224715796152,14.880537752842038,14.708525910921054,15.006055728064558,14.697863568357509,15.102882380161736,14.7
201205,2012-05-01,-0.3989346641562082,0.6241446122953842,-0.7416047001247796,0.10029381547890359,60.0,48.333333333333336,100.0,final,1.5931132410365638,1.3821677907939887,8.611670792316698,46.45503318870033,-0.019555892402145933,14.680444107597854,14.50843226567687,14.805962082820374,14.497769923113324,14.902788734917552,14.5
201206,2012-06-01,-1.2989898310873669,-0.9000551669311587,-0.9070012572317224,-0.1653965571069429,50.0,49.166666666666664,100.0,final,1.638570822731128,1.3537249081142213,9.100169579349005,45.24034486831228,-0.019646696325528422,14.480353303674471,14.308341461753487,14.605871278896991,14.297679119189944,14.70269793099417,14.2
201207,2012-07-01,-0.5421820688971355,0.7568077621902314,-0.7467021880469035,0.16029906918481895,35.0,48.333333333333336,100.0,final,1.5953856139729745,1.4197793119726203,8.922006935122157,47.087948647696585,-0.030735081662454887,14.169264918337545,13.99725307641656,14.294782893560065,13.986590733853017,14.391609545657243,14.1
201208,2012-08-01,-0.7406615144034568,-0.19847944550632135,-0.8606111381293197,-0.11390895008241624,42.5,42.5,100.0,final,1.5477622146764762,1.4819727409922656,8.740478853733887,48.91427014826633,-0.030658019742606908,14.069341980257393,13.89733013833641,14.194859955479913,13.886667795772865,14.291686607577091,14.0
201209,2012-09-01,-0.26572186615472515,0.4749396482487317,-0.5161884831517725,0.34442265497754726,37.5,38.333333333333336,100.0,final,1.499117231638418,1.5429025423728813,8.501541911970842,50.71967498549043,-0.030582281695554964,13.969417718304445,13.797405876383461,14.094935693526965,13.786743533819916,14.191762345624143,14.0
201210,2012-10-01,-0.9288920055475866,-0.6631701393928614,-0.6450917953685895,-0.12890331221681703,52.5,44.166666666666664,100.0,final,1.5427024482109228,1.5222575329566854,8.640027000908383,49.66647337355366,-0.020231430502334342,13.979768569497665,13.807756727576681,14.105286544720185,13.797094385013136,14.202113196817363,14.2
201211,2012-11-01,-1.4095920975970777,-0.48070009204949116,-0.8680686564331298,-0.2229768610645403,40.0,43.333333333333336,100.0,final,1.5867919418836023,1.502089882613354,8.836892128031366,48.6289203653163,-0.020288093205352395,14.179711906794648,14.007700064873664,14.305229882017167,13.997037722310118,14.402056534114346,14.3
201212,2012-12-01,-0.9140315683504563,0.4955605292466214,-1.0841718904983735,-0.2161032340652437,50.0,47.5,100.0,final,1.637679616817456,1.4880610253681037,9.102741590051233,47.60666976923689,-0.020343502368509767,14.27965649763149,14.107644655710507,14.40517447285401,14.096982313146963,14.502001124951189,14.3
201301,2013-01-01,-1.2926451162194814,-0.3786135478690251,-1.2054229273890051,-0.12125103689063162,45.0,45.0,100.0,final,1.557974881702067,1.511082648450564,8.733511234498467,49.23604831791519,-0.029944900527060347,14.270055099472941,14.098043257551957,14.395573074695461,14.087380914988412,14.49239972679264,14.2
201302,2013-02-01,-1.505117898463356,-0.21247278224387456,-1.237264861011098,-0.031841933622092755,32.5,42.5,100.0,final,1.4778265368011703,1.534232402154911,8.362455156430121,50.936334024281905,-0.030201651307841103,14.169798348692158,13.997786506771174,14.295316323914678,13.987124164207628,14.392142976011856,14.1
201303,2013-03-01,-1.6208340745412957,-0.11571617607793971,-1.4728656964080444,-0.23560083539694646,47.5,41.666666666666664,100.0,final,1.3963316529014267,1.5565089920983948,8.097281831187411,52.71225843948274,-0.030475534765922276,14.069524465234077,13.897512623313093,14.195042440456596,13.886850280749549,14.291869092553775,13.8
201304,2013-04-01,-1.6523565599115477,-0.03152248537025204,-1.5927695109720663,-0.1199038145640221,40.0,40.0,100.0,final,1.435566085146098,1.5442003493909588,8.381062554094864,51.822865426392696,-0.020824572112061762,13.779175427887939,13.607163585966955,13.904693403110459,13.59650124340341,14.001520055207637,13.7
201305,2013-05-01,-1.7661229672608358,-0.11376640734928811,-1.6797712005712266,-0.08700168959915995,32.5,40.0,100.0,final,1.4714552775381076,1.527993480970185,8.585032301367566,50.94247656793102,-0.020857175643305564,13.679142824356694,13.50713098243571,13.804660799579214,13.496468639872166,13.901487451676392,13.7
201306,2013-06-01,-1.585426604308991,0.18069636295184477,-1.6679687104937917,0.011802490077434872,57.49999999999999,43.333333333333336,100.0,final,1.5043656354424924,1.508641442995221,8.710631764221247,50.070955816588146,-0.020889286554263337,13.679110713445736,13.507098871524752,13.804628688668256,13.496436528961208,13.901455340765434,13.8
201307,2013-07-01,-1.3633514209617268,0.22207518334726428,-1.5716336641771846,0.09633504631660698,30.0,39.99999999999999,100.0,final,1.5242568212865244,1.5615517595715616,8.59686085201549,50.60429766312119,-0.025976214033141553,13.77402378596686,13.602011944045875,13.89954176118938,13.591349601482332,13.996368413286557,14.0
201308,2013-08-01,-1.3407221404040242,0.022629280557702636,-1.4298333885582473,0.14180027561893724,57.49999999999999,48.333333333333336,100.0,final,1.5272468384979245,1.5973911574476303,8.426896344634132,51.12243912800017,-0.0259211743166295,13.974078825683371,13.802066983762387,14.099596800905891,13.791404641198842,14.196423453003069,14.3
201309,2013-09-01,-1.2465574176515628,0.09416472275246135,-1.3168769930057713,0.1129563955524761,40.0,42.5,100.0,final,1.5353853962729318,1.6386048872453052,8.327974592686548,51.62602090353533,-0.025868454510494018,14.274131545489507,14.102119703568523,14.399649520712027,14.091457361004977,14.496476172809205,14.5
201310,2013-10-01,-1.4224029733200891,-0.17584555566852633,-1.3365608437918919,-0.019683850786120782,65.0,54.166666666666664,100.0,final,1.5638611231831572,1.5325703800280073,8.326648566374594,49.494728962634895,-0.016327726803901547,14.483672273196099,14.311660431275115,14.609190248418619,14.30099808871157,14.706016900515797,14.8
201311,2013-11-01,-1.6291263554996136,-0.20672338217952446,-1.4326955821570886,-0.09613473836519648,40.0,48.333333333333336,100.0,final,1.5931395615400392,1.4275406908700425,8.444646541392139,47.25891427042184,-0.015949255872563465,14.784050744127438,14.612038902206454,14.909568719349958,14.601376559642908,15.006395371447136,14.9
201312,2013-12-01,-2.057926211700022,-0.4287998562004085,-1.7031518468399083,-0.27045626468281975,37.5,47.5,100.0,final,1.6232670937850653,1.3233431063814383,8.576400841461082,44.91069454339974,-0.015542243641474876,14.884457756358525,14.712445914437541,15.009975731581045,14.701783571873996,15.106802383678223,15.0
201401,2014-01-01,-2.2120190488140623,-0.1540928371140402,-1.9663572053378993,-0.26320535849799104,27.500000000000004,35.0,100.0,final,1.525053990439446,1.4307830433622093,8.101514820465127,48.40534261532021,-0.03669893526870753,14.963301064731292,14.791289222810308,15.088819039953812,14.780626880246764,15.18564569205099,14.9
201402,2014-02-01,-2.2040152031731277,0.008003845640934593,-2.157986821229071,-0.19162961589117136,42.5,35.833333333333336,100.0,final,1.4184206054426722,1.5315223460296652,7.73330686255046,51.91701572619469,-0.036760581965413035,14.863239418034587,14.691227576113603,14.988757393257107,14.680565233550059,15.085584045354285,14.6
201403,2014-03-01,-2.0263970652841654,0.1776181378889623,-2.1474771057571185,0.01050971547195223,42.5,37.5,100.0,final,1.3121241937247186,1.632885098939543,7.401149453639526,55.44583859232311,-0.03682268025273964,14.56317731974726,14.391165477826275,14.68869529496978,14.380503135262732,14.785521947066957,14.2
201404,2014-04-01,-2.368567556256802,-0.34217049097263663,-2.199659941571365,-0.05218283581424658,30.0,38.333333333333336,100.0,final,1.3353081002011336,1.6114097641250686,7.7707548575198455,54.68490158604086,-0.021289703998870823,14.178710296001128,14.006698454080144,14.304228271223648,13.996036111516599,14.401054923320826,13.8
201405,2014-05-01,-2.552837661397459,-0.18427010514065678,-2.315934094312809,-0.1162741527414437,32.5,35.0,100.0,final,1.3550748508473334,1.5855934995058747,8.037218430330501,53.91949416245551,-0.02127351687234645,13.778726483127654,13.60671464120667,13.904244458350174,13.596052298643126,14.001071110447352,13.6
201406,2014-06-01,-2.713587729492732,-0.16075006809527315,-2.5449976490489976,-0.22906355473618886,32.5,31.666666666666668,100.0,final,1.3809471244066673,1.5666188321006733,8.169209069062793,53.14957681072578,-0.02125718667931543,13.578742813320684,13.4067309713997,13.704260788543204,13.396068628836154,13.801087440640382,13.6
201407,2014-07-01,-2.6130206857923617,0.10056704370037028,-2.626482025560851,-0.08148437651185321,40.0,35.0,100.0,final,1.3909419488087336,1.546286051486317,8.09747718733226,52.64439979909593,-0.02221579637741528,13.577784203622585,13.405772361701601,13.703302178845105,13.395110019138055,13.800128830942283,13.8
201408,2014-08-01,-2.307557022905711,0.3054636628866505,-2.5447218127302684,0.08176021283058255,47.5,40.0,100.0,final,1.395103994110068,1.519455181299466,8.02074074074074,52.13327607547933,-0.022194263671896544,13.777805736328105,13.605793894407121,13.903323711550625,13.595131551843576,14.000150363647803,14.0
201409,2014-09-01,-2.4529678550883998,-0.14541083218268858,-2.4578485212621572,0.08687329146811074,35.0,40.833333333333336,100.0,final,1.40187741579238,1.4955273329652126,8.059682539682537,51.616100015246225,-0.022172348505607346,13.977827651494392,13.805815809573408,14.103345626716912,13.795153467009865,14.20017227881409,14.0
201410,2014-10-01,-2.3852313783724615,0.0677364767159383,-2.381918752122191,0.07592976913996674,65.0,49.166666666666664,100.0,final,1.4683607923899185,1.4031087574776897,8.63534288546454,48.86378675136504,-0.014079043952200252,13.9859209560478,13.813909114126815,14.11143893127032,13.80324677156327,14.208265583367497,13.7
201411,2014-11-01,-2.44212224806205,-0.05689086968958845,-2.4267738271743036,-0.04485507505211291,35.0,45.0,100.0,final,1.5328538578208328,1.3092861685992465,9.376730265619155,46.06691283428444,-0.013917692364095045,13.686082307635905,13.514070465714921,13.811600282858425,13.503408123151377,13.908426934955603,13.2
201412,2014-12-01,-2.84381704522992,-0.40169479716786993,-2.5570568905548106,-0.1302830633805067,47.5,49.166666666666664,100.0,final,1.6021671258034893,1.219761248852158,10.257260435038212,43.224387259687354,-0.01375239031147578,13.186247609688523,13.01423576776754,13.311765584911043,13.003573425203996,13.408592237008222,12.6
201501,2015-01-01,-2.967790988507572,-0.12397394327765232,-2.751243427266514,-0.19418653671170358,35.0,39.166666666666664,100.0,final,1.5098197767731343,1.3484397397728527,9.976361060514066,47.17695268630998,-0.0383570279378494,12.56164297206215,12.389631130141167,12.68716094728467,12.378968787577623,12.783987599381849,12.2
201502,2015-02-01,-3.405390134049583,-0.43759914554201096,-3.0723327225956916,-0.32108929532917774,37.5,40.0,100.0,final,1.4171937824850447,1.4771256251838776,9.532089970647405,51.035335674079974,-0.03801599868918721,12.161984001310811,11.989972159389827,12.287501976533331,11.979309816826284,12.38432862863051,12.0
201503,2015-03-01,-3.1045460036412824,0.3008441304083007,-3.1592423753994794,-0.08690965280378753,52.5,41.666666666666664,100.0,final,1.3215478944083416,1.6024158314058081,8.853551751279024,54.80286288297337,-0.037687015086889715,11.96231298491311,11.790301142992126,12.08783096013563,11.779638800428582,12.184657612232808,12.1
201504,2015-04-01,-3.3609749170633543,-0.25642891342207186,-3.2903036849180736,-0.13106130951859404,32.5,40.833333333333336,100.0,final,1.350422638735759,1.581146637265711,9.086705145135046,53.935161969712155,-0.0209031179704686,12.079096882029532,11.907085040108548,12.204614857252052,11.896422697545002,12.30144150934923,12.1
201505,2015-05-01,-3.447410662370005,-0.08643574530665088,-3.304310527691547,-0.014006842773474007,27.500000000000004,37.5,100.0,final,1.3862392783200237,1.5676205264714582,9.305586578313852,53.070241313707825,-0.020913185123697532,12.079086814876302,11.907074972955318,12.204604790098822,11.896412630391772,12.301431442196,12.1
201506,2015-06-01,-3.535905295819173,-0.08849463344916764,-3.4480969584175107,-0.14378643072596345,40.0,33.333333333333336,100.0,final,1.4194781575919535,1.550643952046914,9.50885620232519,52.20808757372788,-0.020923203969083173,12.079076796030916,11.907064954109932,12.204594771253436,11.896402611546389,12.301421423350615,12.1
201507,2015-07-01,-3.4635858631603194,0.07231943265885343,-3.4823006071164992,-0.03420364869898836,42.5,36.666666666666664,100.0,final,1.4458538877143527,1.5616384159835814,9.674550583641492,51.92493473926538,-0.023019733281647463,12.076980266718353,11.904968424797369,12.202498241940873,11.894306082233825,12.299324894038051,12.1
201508,2015-08-01,-3.1760293074218264,0.2875565557384929,-3.391840155467106,0.09046045164939291,47.5,43.333333333333336,100.0,final,1.4726857001606724,1.5731429983932763,9.813174550231215,51.64909632443049,-0.023046218378661196,12.076953781621338,11.904941939700354,12.202471756843858,11.894279597136808,12.299298408941036,12.1
201509,2015-09-01,-2.9381634409957402,0.2378658664260862,-3.192592870525962,0.1992472849411442,55.00000000000001,48.333333333333336,100.0,final,1.499166203446359,1.5842875671669445,10.01559714795009,51.38029252346558,-0.023071690314957757,12.076928309685043,11.904916467764059,12.202446284907563,11.894254125200515,12.29927293700474,12.0
201510,2015-10-01,-2.8177240219004456,0.12043941909529465,-2.977305590106004,0.21528728041995793,45.0,49.166666666666664,100.0,final,1.5242974347551694,1.5294576233433566,10.120279996056393,50.08448923522045,-0.019352983645324427,11.980647016354675,11.808635174433691,12.106164991577195,11.797972831870148,12.202991643674373,12.0
201511,2015-11-01,-3.0338802406721275,-0.2161562187716819,-2.9299225678561043,0.04738302224989965,42.5,47.5,100.0,final,1.5491727086819111,1.474102993121398,10.251205590000986,48.758470563638376,-0.019243575462621027,11.980756424537379,11.808744582616395,12.106274399759899,11.79808224005285,12.203101051857077,12.0
201512,2015-12-01,-2.768501589429829,0.2653786512422984,-2.8733686173341337,0.056553950521970396,50.0,45.833333333333336,100.0,final,1.5741257960004469,1.418575205749823,10.49675189224626,47.4011672038127,-0.01913029538773318,11.980869704612267,11.808857862691283,12.106387679834787,11.798195520127738,12.203214331931965,11.9
201601,2016-01-01,-3.4830969960052736,-0.7145954065754445,-3.09515960870241,-0.22179099136827599,37.5,43.333333333333336,100.0,final,1.5206381079875055,1.4471837969160593,10.337557542526486,48.7624878880016,-0.028974278262034407,11.871025721737967,11.699013879816983,11.996543696960487,11.688351537253439,12.093370349057665,11.7
201602,2016-02-01,-3.877932937943786,-0.39483594193851257,-3.376510507792963,-0.2813508990905529,30.0,39.166666666666664,100.0,final,1.4733780760626398,1.4818170519512803,10.093486590038315,50.14278204184628,-0.029042980115374057,11.670957019884625,11.498945177963641,11.796474995107145,11.488282835400096,11.893301647204323,11.6
201603,2016-03-01,-4.016060226205288,-0.13812728826150167,-3.7923633867181157,-0.41585287892515294,37.5,35.0,100.0,final,1.4228315612758815,1.5134116769259467,9.8439738278679,51.542449114425835,-0.029113128351085867,11.570886871648915,11.39887502972793,11.696404846871435,11.388212687164387,11.793231498968613,11.5
201604,2016-04-01,-3.966026785447562,0.05003344075772587,-3.9533399831988785,-0.1609765964807628,35.0,34.166666666666664,100.0,final,1.4154140713388783,1.467942262504196,9.81232250363073,50.91088622222606,-0.021758160299847687,11.478241839700152,11.306229997779168,11.603759814922672,11.295567655215624,11.70058646701985,11.5
201605,2016-05-01,-3.920808741633954,0.045218043813608055,-3.9676319177622674,-0.01429193456338925,32.5,35.0,100.0,final,1.4094189374144581,1.423926838372527,9.69624288243129,50.25602065730999,-0.021673782648715778,11.478326217351285,11.3063143754303,11.603844192573805,11.295652032866755,11.700670844670983,11.6
201606,2016-06-01,-4.012121628258661,-0.09131288662470682,-3.9663190517800593,0.0013128659822090327,37.5,35.0,100.0,final,1.4030999066293184,1.3795331465919702,9.673299550941376,49.57653848734984,-0.02158464732343577,11.578415352676563,11.40640351075558,11.703933327899083,11.395741168192036,11.800759979996261,11.6
201607,2016-07-01,-3.4899585244531286,0.5221631038055321,-3.807629631448581,0.1586894203314778,57.49999999999999,42.5,100.0,final,1.4168996235416902,1.3985239852398523,9.73938797679805,49.673661216654516,-0.024396689446469493,11.57560331055353,11.403591468632547,11.70112128577605,11.392929126069003,11.797947937873229,11.7
201608,2016-08-01,-3.821360424500027,-0.3314019000468984,-3.7744801924039386,0.03314943904464229,32.5,42.5,100.0,final,1.4352888490819524,1.4220406030750858,9.7965796029405,49.76817083523804,-0.02438722752132972,11.675612772478669,11.503600930557685,11.801130747701189,11.49293858799414,11.897957399798367,11.8
201609,2016-09-01,-3.769986564931916,0.0513738595681108,-3.6937685046283573,0.0807116877755815,55.00000000000001,48.333333333333336,100.0,final,1.4456210753167613,1.4375580574443578,9.753810669875651,49.860171402796574,-0.024378142390424955,11.775621857609575,11.603610015688592,11.901139832832095,11.592947673125046,11.997966484929274,12.0
201610,2016-10-01,-3.794504967900737,-0.024518402968821018,-3.79528398577756,-0.10151548114920288,40.0,42.5,100.0,final,1.448094531056669,1.3996659242761693,9.681996045632408,49.14970715514694,-0.02147246298413477,11.978527537015864,11.80651569509488,12.104045512238384,11.795853352531335,12.200872164335562,12.1
201611,2016-11-01,-3.74710996048897,0.047395007411767054,-3.7705338311072083,0.02475015467035228,32.5,42.5,100.0,final,1.459819873612977,1.3705403791610689,9.75397300352417,48.42282454390028,-0.021413013024354933,12.078586986975644,11.90657514505466,12.204104962198164,11.895912802491114,12.300931614295342,12.0
201612,2016-12-01,-3.818448713268885,-0.07133875277991475,-3.7866878805528636,-0.016154049445656238,50.0,40.833333333333336,100.0,final,1.4657324364723467,1.3356875934230195,9.818440334131866,47.67894778966465,-0.021351478200179727,11.97864852179982,11.806636679878837,12.10416649702234,11.795974337315293,12.200993149119519,11.9
201701,2017-01-01,-3.920665349995876,-0.102216636726991,-3.8287413412512437,-0.04205346069837956,30.0,37.5,100.0,final,1.4107399492620503,1.37437358627326,9.47376725043724,49.34712961384175,-0.03008540497831684,11.869914595021683,11.6979027531007,11.995432570244203,11.687240410537154,12.092259222341381,11.8
201702,2017-02-01,-4.337940795153871,-0.4172754451579954,-4.025684952806211,-0.19694361155496706,40.0,40.0,100.0,final,1.3538598336839998,1.411719767558361,9.309032352510615,51.04607247335006,-0.03019678893582388,11.769803211064177,11.597791369143193,11.895321186286697,11.58712902657965,11.992147838383875,11.5
201703,2017-03-01,-4.451155285771617,-0.11321449061774569,-4.236587143640455,-0.21090219083424402,50.0,40.0,100.0,final,1.2945421741091565,1.4467749210645016,9.17636526410027,52.77663512957631,-0.030311282419417412,11.469688717580583,11.297676875659599,11.595206692803103,11.287014533096055,11.692033344900281,11.2
201704,2017-04-01,-4.455734237137662,-0.004578951366045025,-4.414943439354384,-0.17835629571392872,32.5,40.833333333333336,100.0,final,1.3136855602066597,1.4201958492036557,9.605865823964615,51.94796834695127,-0.021044458335033434,11.178955541664966,11.006943699743982,11.304473516887485,10.996281357180436,11.401300168984664,10.9
201705,2017-05-01,-4.450415519481153,0.005318717656509264,-4.4524350141301445,-0.03749157477576048,40.0,40.833333333333336,100.0,final,1.3278305442484548,1.3880848283833358,10.080633623477032,51.109281326326695,-0.02100817562375491,10.878991824376245,10.70697998245526,11.004509799598765,10.696317639891717,11.101336451695943,10.6
201706,2017-06-01,-4.337503423692367,0.11291209578878547,-4.414551060103728,0.03788395402641657,57.49999999999999,43.333333333333336,100.0,final,1.343781826411678,1.3578514578854062,10.485095712368437,50.26039121511246,-0.02097123081365855,10.57902876918634,10.407016927265357,10.70454674440886,10.396354584701811,10.801373396506039,10.4
201707,2017-07-01,-4.200164364188843,0.13733905950352465,-4.329361102454121,0.08518995764960646,25.0,40.833333333333336,100.0,final,1.2775106837606838,1.4933735246235247,9.917827859140244,53.895197789385755,-0.037206441225585446,10.362793558774415,10.190781716853431,10.488311533996935,10.180119374289887,10.585138186094113,10.4
201708,2017-08-01,-4.204808943986343,-0.004644579797500548,-4.247492243955851,0.08186885849826986,52.5,45.0,100.0,final,1.1947462732090435,1.61190539733374,9.21988319578681,57.43161555284881,-0.036850180943561094,10.363149819056439,10.191137977135455,10.488667794278959,10.18047563457191,10.585494446376137,10.5
201709,2017-09-01,-4.356955581668545,-0.15214663768220138,-4.253976296614577,-0.0064840526587257585,15.0,30.833333333333332,95.0,final,1.122894068774521,1.747019001461651,8.42073381793008,60.873586018334855,-0.0365081926550897,10.46349180734491,10.291479965423926,10.58900978256743,10.280817622860383,10.685836434664608,10.7
201710,2017-10-01,-4.907988059109349,-0.5510324774408044,-4.489917528254746,-0.23594123164016878,32.5,33.333333333333336,100.0,final,1.4157120576530065,2.2578788856620418,9.936171457581953,61.46244697632371,-0.026177245574656362,10.673822754425343,10.501810912504359,10.799340729647863,10.491148569940815,10.896167381745041,11.3
201711,2017-11-01,-5.848358054056305,-0.9403699949469564,-5.0377672316114,-0.5478497033566541,67.5,38.333333333333336,100.0,final,1.6282926958409445,2.6421915124559874,11.567663841776032,61.871005337581906,-0.025524380137702564,11.274475619862297,11.102463777941313,11.399993595084817,11.091801435377768,11.496820247181995,10.9
201712,2017-12-01,-4.302678044096729,1.5456800099595762,-5.019674719087461,0.01809251252393847,72.5,57.5,100.0,final,1.8258212673205667,3.0007006071929005,13.468567408874915,62.171076506213566,-0.025131554190088425,10.874868445809913,10.702856603888929,11.000386421032433,10.692194261325383,11.09721307312961,10.7
201801,2018-01-01,-4.43403723682247,-0.13135919272574093,-4.8616911116585015,0.15798360742895964,47.5,62.5,100.0,final,1.9569238416660129,2.600933992622243,14.703587070192405,57.064833682518724,-0.0055555990407446035,10.694444400959254,10.52243255903827,10.819962376181774,10.511770216474726,10.916789028278952,10.4
201802,2018-02-01,-4.830316717096749,-0.39627948027427884,-4.522343999338649,0.33934711231985215,50.0,56.666666666666664,100.0,final,2.0656838208457167,2.168778351321758,15.89561341213383,51.21732732852908,-0.002871526002535662,10.397128473997464,10.22511663207648,10.522646449219984,10.214454289512936,10.619473101317162,10.2
201803,2018-03-01,-5.15182928104352,-0.3215125639467713,-4.805394411654246,-0.283050412315597,65.0,54.166666666666664,100.0,final,2.176989423564766,1.7423018381922493,17.310121181088924,44.45451286545048,0.0004427525459889288,10.200442752545989,10.028430910625005,10.325960727768509,10.01776856806146,10.422787379865687,9.9
201804,2018-04-01,-4.7626266679702045,0.3892026130733157,-4.9149242220368246,-0.10952981038257814,62.5,59.166666666666664,100.0,final,2.1099758762594014,1.6774642981539534,17.299428108463722,44.29018600706424,-0.023449995375478393,9.876550004624521,9.704538162703537,10.002067979847041,9.693875820139993,10.09889463194422,9.7
201805,2018-05-01,-5.005561213092582,-0.24293454512237744,-4.973339054035436,-0.05841483199861101,57.49999999999999,61.666666666666664,100.0,final,2.05353126405758,1.621168305378832,17.27091913394083,44.11702983456333,-0.02341802493177986,9.676581975068219,9.504570133147235,9.802099950290739,9.493907790583691,9.898926602387917,9.5
201806,2018-06-01,-5.057596583224376,-0.05203537013179371,-4.941928154762388,0.03141089927304819,52.5,57.5,100.0,final,1.9958928297251648,1.5640257945647167,17.411730825899433,43.93431310179744,-0.023383406687405694,9.476616593312594,9.30460475139161,9.602134568535114,9.293942408828066,9.698961220632292,9.2
201807,2018-07-01,-4.938003903109074,0.11959268011530177,-5.0003872331420105,-0.05845907837962313,50.0,53.333333333333336,100.0,final,1.9377900510106238,1.5409171684629055,17.31044643163052,44.295684323100616,-0.025353518190598417,9.1746464818094,9.002634639888417,9.30016445703192,8.991972297324871,9.396991109129099,9.0
201808,2018-08-01,-5.003816570025135,-0.06581266691606125,-4.999805685452862,0.0005815476891489387,42.5,48.333333333333336,100.0,final,1.8795647009234777,1.5176712521234879,17.4013764722577,44.673707481586476,-0.02541381390703306,8.974586186092967,8.802574344171983,9.100104161315487,8.791912001608438,9.196930813412665,8.7
201809,2018-09-01,-4.764176402557022,0.23964016746811279,-4.901998958563744,0.09780672688911778,30.0,40.833333333333336,100.0,final,1.8235406845272317,1.4961864244375456,17.29197332315688,45.069560699647866,-0.025478375537573966,8.674521624462425,8.502509782541441,8.800039599684945,8.491847439977896,8.896866251782123,8.5
201810,2018-10-01,-5.022858580349524,-0.2586821777925019,-4.930283850977227,-0.028284892413483458,47.5,40.0,100.0,final,1.7377983063895306,1.5823197331280472,16.804195465829956,47.65853847045639,-0.03341955467412417,8.466580445325876,8.294568603404892,8.592098420548396,8.283906260841349,8.688925072645574,8.3
201811,2018-11-01,-4.775673540041291,0.24718504030823318,-4.854236174315946,0.07604767666128136,45.0,40.833333333333336,100.0,final,1.637646156795093,1.6553702638809022,15.899743552523345,50.2691165913192,-0.03349776831182129,8.266502231688179,8.094490389767195,8.392020206910699,8.08382804720365,8.488846859007877,8.3
201812,2018-12-01,-4.487407619600544,0.2882659204407467,-4.761979913330453,0.09225626098549267,45.0,45.833333333333336,100.0,final,1.549836507020581,1.740796306982112,14.816776262559394,52.901566518587785,-0.03357696487751141,8.26642303512249,8.094411193201505,8.39194101034501,8.08374885063796,8.488767662442188,8.4
201901,2019-01-01,-4.6516719428897195,-0.16426432328917517,-4.638251034177185,0.12372887915326825,60.0,50.0,100.0,final,1.642936045404335,1.5916276235096942,15.465152134472104,49.2068725932381,-0.010666737232927083,8.389333262767073,8.217321420846089,8.514851237989593,8.206659078282545,8.61167789008677,8.6
201902,2019-02-01,-4.805590833686848,-0.1539188907971285,-4.648223465392371,-0.009972431215185651,52.5,52.5,100.0,final,1.749467275494673,1.4580669710806695,16.23532319861575,45.457565188506884,-0.010468984933589673,8.58953101506641,8.417519173145426,8.71504899028893,8.40685683058188,8.811875642386108,8.7
201903,2019-03-01,-4.980280029439412,-0.17468919575256425,-4.812514268671993,-0.16429080327962264,77.5,63.333333333333336,100.0,final,1.8517675618267333,1.3219162494310424,17.344161888318098,41.65242437642672,-0.01026681534454078,8.68973318465546,8.517721342734475,8.81525115987798,8.50705900017093,8.912077811975157,8.6
201904,2019-04-01,-5.013484699212776,-0.03320466977336345,-4.933118520779678,-0.1206042521076854,32.5,54.166666666666664,100.0,final,1.7903750079048886,1.3805602984885852,17.068676959287718,43.537952215707385,-0.03087240252407443,8.569127597475925,8.39711575555494,8.694645572698445,8.386453412991397,8.791472224795623,8.4
201905,2019-05-01,-4.930639382782578,0.08284531643019744,-4.974801370478255,-0.04168284969857675,55.00000000000001,55.0,100.0,final,1.7252079940410812,1.4361373076291837,16.99467843653734,45.42804314575871,-0.03088892521594834,8.369111074784051,8.197099232863067,8.494629050006571,8.186436890299522,8.59145570210375,8.1
201906,2019-06-01,-4.8226842071157705,0.10795517566680779,-4.922269429703708,0.05253194077454726,47.5,45.0,100.0,final,1.655208804462536,1.4869591436755616,17.189200191008506,47.322713751079554,-0.030905507959348377,8.069094492040652,7.8970826501196685,8.194612467263171,7.886420307556123,8.29143911936035,7.7
201907,2019-07-01,-5.379163887211806,-0.5564796800960359,-5.044162492370051,-0.12189306266634355,40.0,47.5,100.0,final,1.6073754354081478,1.4717174011812812,16.83560166238381,47.797110359668,-0.02576277668268269,7.674237223317317,7.502225381396334,7.799755198539838,7.491563038832789,7.896581850637016,7.6
201908,2019-08-01,-4.559037022263401,0.8201268649484055,-4.920295038863659,0.12386745350639246,37.5,41.666666666666664,100.0,final,1.5516693163751987,1.449390567037626,16.117579060358352,48.29595620695745,-0.025851305983963728,7.574148694016036,7.402136852095053,7.699666669238557,7.391474509531507,7.796493321335735,7.7
201909,2019-09-01,-4.557846528891803,0.0011904933715980448,-4.832015812789003,0.08827922607465588,40.0,39.166666666666664,100.0,final,1.4893937681323235,1.4207829396028784,15.069380908813661,48.8211913670555,-0.02594686018312721,7.6740531398168725,7.5020412978958895,7.799571115039393,7.491378955332344,7.8963977671365715,8.0
201910,2019-10-01,-4.0950276359302835,0.46281889296151935,-4.403970395695162,0.428045417093841,57.49999999999999,45.0,100.0,final,1.4631286251714288,1.370387146290215,14.203149198532394,48.36349104149553,-0.02238770675451559,7.9776122932454845,7.805600451324501,8.103130268468005,7.794938108760956,8.199956920565183,8.4
201911,2019-11-01,-4.380775726998156,-0.28574809106787225,-4.344549963940081,0.059420431755081715,37.5,45.0,100.0,final,1.4348148987324245,1.3180141736842768,13.541952537942914,47.87853292057816,-0.02228900782949129,8.37771099217051,8.205699150249526,8.50322896739303,8.19503680768598,8.600055619490208,8.7
201912,2019-12-01,-4.495395946184194,-0.1146202191860386,-4.3237331030375445,0.020816860902536167,47.5,47.5,100.0,final,1.40887072358462,1.2677490160460188,12.898174132973011,47.36380731545237,-0.02218122146403047,8.677818778535968,8.505806936614984,8.803336753758488,8.495144594051439,8.900163405855666,9.0
202001,2020-01-01,-4.652156006923803,-0.15676006073960824,-4.509442560035384,-0.1857094569978397,30.0,38.333333333333336,100.0,final,1.3795023292807636,1.3298236311530256,12.610357506387752,49.08319082212271,-0.03027080335537766,8.969729196644622,8.797717354723638,9.095247171867141,8.787055012160092,9.19207382396432,9.1
202002,2020-02-01,-4.944928802484165,-0.29277279556036273,-4.697493585197388,-0.1880510251620032,57.49999999999999,45.0,100.0,final,1.3445828614571536,1.3863218824713726,12.308383440458911,50.76419767307914,-0.03013184367007199,9.069868156329928,8.897856314408944,9.195386131552448,8.887193971845399,9.292212783649626,9.1
202003,2020-03-01,-4.454224070748699,0.490704731735466,-4.683769626718889,0.013723958478498352,35.0,40.833333333333336,80.0,preliminary,1.311817017107544,1.4445700504936316,,52.40809853859929,-0.02999748500949405,9.070002514990506,8.897990673069522,9.195520490213026,8.887328330505976,9.292347142310204,
202004,2020-04-01,-5.894571822883181,-1.4403477521344819,-5.097908232038681,-0.41413860531979285,17.5,36.666666666666664,80.0,preliminary,1.3842779587404996,2.7018747737965985,,66.12270638545125,-0.07370482772447713,,,,,,
202005,2020-05-01,-4.461724212565421,1.4328476103177605,-4.936840035399101,0.16106819663958158,57.49999999999999,36.666666666666664,100.0,final,1.243948579044671,3.701162274101782,10.070938278824332,74.84487980177073,-0.05562750690351481,,,,,,8.9
202006,2020-06-01,-3.330810168289464,1.1309140442759564,-4.562368734579355,0.37447130081974506,75.0,50.0,100.0,final,1.0787267596281542,4.563413014608234,9.132944727290615,80.88089266143447,-0.04590107246858098,8.85409892753142,8.682087085610435,8.97961690275394,8.671424743046892,9.076443554851117,8.3
202007,2020-07-01,-3.1305379234133204,0.2002722448761438,-3.641024101422735,0.9213446331566203,62.5,65.0,100.0,final,1.6228318631814627,3.4060856194869302,14.276289873231484,67.72999619153877,0.023573633777318925,8.32357363377732,8.151561791856336,8.44909160899984,8.140899449292792,8.545918261097018,8.2
202008,2020-08-01,-3.3714448078218155,-0.24090688440849517,-3.277597633174867,0.36342646824786834,52.5,63.333333333333336,100.0,final,2.1715060007742935,2.338740037646682,19.134652258712645,51.853934745995986,0.03344130099264338,8.233441300992643,8.06142945907166,8.358959276215163,8.050767116508116,8.455785928312341,8.3
202009,2020-09-01,-3.430319069015499,-0.05887426119368344,-3.3107672667502115,-0.033169633575344935,67.5,60.833333333333336,100.0,final,2.716193656093489,1.2963669608076953,23.43897921383001,32.30772278797005,0.04673070703263431,8.346730707032634,8.17471886511165,8.472248682255154,8.164056522548105,8.569075334352332,8.6
202010,2020-10-01,-3.7000272502132465,-0.26970818119774753,-3.500597042350187,-0.18982977559997538,57.49999999999999,59.166666666666664,100.0,final,2.3715438471579446,1.2716532837572354,19.791047732224204,34.904871684442526,-0.03344914185491762,8.566550858145082,8.394539016224098,8.692068833367601,8.383876673660552,8.78889548546478,9.0
202011,2020-11-01,-4.265674848913703,-0.5656475987004561,-3.7986737227141494,-0.29807668036396234,32.5,52.5,100.0,final,2.0345562130177517,1.249835634451019,16.564535399082743,38.05379176708918,-0.03544707390410623,8.964552926095894,8.79254108417491,9.090070901318414,8.781878741611365,9.186897553415593,9.3
202012,2020-12-01,-4.464828494381737,-0.1991536454680345,-4.143510197836229,-0.3448364751220794,60.0,50.0,100.0,final,1.7020094562647754,1.2300236406619385,13.898380340147872,41.951219512195124,-0.03815737753242689,9.261842622467574,9.08983078054659,9.387360597690094,9.079168437983046,9.484187249787272,9.3
202101,2021-01-01,-4.168340424338847,0.2964880700428898,-4.299614589211429,-0.15610439137520027,52.5,48.333333333333336,100.0,final,1.7080543482516932,1.2471644674158475,14.45107003246538,42.20210228778377,-0.024953445819497086,9.275046554180504,9.10303471225952,9.400564529403024,9.092372369695976,9.497391181500202,9.0
202102,2021-02-01,-4.657231046905767,-0.4888906225669194,-4.430133321875451,-0.13051873266402136,65.0,59.166666666666664,100.0,final,1.7212583040250098,1.2694281620424646,15.313238770685581,42.446046298917665,-0.02492832094847577,8.975071679051524,8.80305983713054,9.100589654274044,8.792397494566995,9.197416306371222,8.5
202103,2021-03-01,-4.845126986291928,-0.187895939386161,-4.556899485845514,-0.12676616397006354,77.5,65.0,100.0,final,1.7279403193845435,1.2867855616427712,15.85793752674369,42.683335481376474,-0.024904224192746266,8.475095775807254,8.30308393388627,8.600613751029774,8.292421591322725,8.697440403126953,8.2
202104,2021-04-01,-4.919174096448449,-0.07404711015652143,-4.807177376548714,-0.2502778907032006,70.0,70.83333333333333,100.0,final,1.839162722690369,1.2870701707132506,17.059808194047378,41.17000283085053,-0.018565322209877125,8.181434677790122,8.009422835869138,8.306952653012642,7.998760493305594,8.40377930510982,8.1
202105,2021-05-01,-4.53331955532417,0.38585454112427886,-4.765873546021516,0.041303830527198805,62.5,70.0,100.0,final,1.9660052299646207,1.2990821924832079,18.09001128768015,39.78705695755273,-0.019037445306446896,8.080962554693553,7.90895071277257,8.206480529916073,7.898288370209024,8.303307182013251,8.1
202106,2021-06-01,-5.078561028029594,-0.545241472705424,-4.8436848932674055,-0.07781134724588885,70.0,67.5,100.0,final,2.075946471462885,1.3005833238018987,18.67418435484037,38.518342874563864,-0.019451072115191436,8.080548927884807,7.908537085963824,8.206066903107327,7.897874743400279,8.302893555204506,8.3
202107,2021-07-01,-3.684317909699813,1.3942431183297814,-4.432066164351193,0.4116187289162121,70.0,67.5,100.0,final,2.094584458445845,1.2970547054705468,18.81383566442989,38.24270928552471,-0.023046960041205503,8.276953039958796,8.104941198037812,8.402471015181316,8.094278855474268,8.499297667278494,8.4
202108,2021-08-01,-3.4283059798873015,0.2560119298125114,-4.063728305872236,0.3683378584789563,47.5,62.5,100.0,final,2.1495081474806637,1.3162248754724537,19.402504532899528,37.9782535687331,-0.02308743448018437,8.376912565519817,8.204900723598833,8.502430540742337,8.194238381035287,8.599257192839515,8.3
202109,2021-09-01,-2.9657659020008253,0.4625400778864761,-3.359463263862647,0.7042650420095896,62.5,60.0,100.0,final,2.184845775592311,1.3234987334227388,20.743365836578352,37.72430928666992,-0.02312549578685117,8.276874504213149,8.104862662292165,8.402392479435669,8.094200319728621,8.499219131532847,7.9
202110,2021-10-01,-3.4325558061904684,-0.46678990418964306,-3.275542562692866,0.0839207011697815,67.5,59.166666666666664,100.0,final,2.0044572498029942,1.339736012608353,20.06458371849387,40.061560665974476,-0.03250806774292073,7.86749193225708,7.695480090336097,7.993009907479601,7.684817747772551,8.089836559576778,7.5
202111,2021-11-01,-3.1056778283704447,0.3268779778200237,-3.16799984552058,0.10754271717228558,47.5,59.166666666666664,100.0,final,1.8381917572630673,1.363945703580861,19.629804538895446,42.59485172823877,-0.033217916273094616,7.466782083726906,7.294770241805923,7.5923000589494265,7.284107899242377,7.689126711046605,7.0
202112,2021-12-01,-3.3828924609875353,-0.27721463261709056,-3.3070420318494826,-0.1390421863289033,72.5,62.5,100.0,final,1.6699335609147306,1.385750468010131,18.64401222880654,45.34992672320591,-0.034020983265799484,6.965979016734201,6.7939671748132175,7.0914969919567215,6.783304832249672,7.1883236440539,6.7
202201,2022-01-01,-3.3921562708385884,-0.009263809851053129,-3.2935755200655232,0.013466511783960003,40.0,53.333333333333336,100.0,final,1.7504655493482308,1.3645646961453732,20.250918768216955,43.80582493924216,-0.01845390892958715,6.681546091070413,6.50953424914943,6.807064066292934,6.498871906585885,6.903890718390112,6.5
202202,2022-02-01,-3.704801198814209,-0.3126449279756205,-3.4932833102134446,-0.1997077901479214,52.5,55.0,100.0,final,1.835154428904429,1.3472707847707845,22.014252072055537,42.334719414031206,-0.01871822422637586,6.481281775773624,6.309269933852641,6.606799750996145,6.2986075912890955,6.703626403093323,6.3
202203,2022-03-01,-4.18548489804559,-0.48068369923138077,-3.760814122566129,-0.2675308123526848,67.5,53.333333333333336,100.0,final,1.916911577954356,1.3283262581183557,23.998292065828146,40.93155340891303,-0.018964229360389884,6.28103577063961,6.109023928718627,6.406553745862131,6.0983615861550815,6.503380397959309,6.1
202204,2022-04-01,-4.303771247333978,-0.11828634928838877,-4.064685781397926,-0.3038716588317967,22.5,47.5,100.0,final,1.8708616903834723,1.4355157647001733,23.958644046731294,43.41657249365249,-0.03304312619091706,6.066956873809082,5.894945031888099,6.192474849031603,5.884282689324554,6.289301501128781,6.0
202205,2022-05-01,-3.908281494386257,0.3954897529477215,-4.132512546588608,-0.06782676519068269,47.5,45.833333333333336,100.0,final,1.816571560110978,1.5366311682961995,23.929586006575377,45.8257759150197,-0.032768601990528515,5.9672313980094716,5.7952195560884885,6.092749373231992,5.784557213524943,6.1895760253291705,5.9
202206,2022-06-01,-3.794721392097018,0.11356010228923896,-4.002258044605751,0.13025450198285723,52.5,40.833333333333336,100.0,final,1.7547797173732338,1.630380570313347,23.829225438519,48.16258114110009,-0.032506452247498464,5.867493547752502,5.695481705831519,5.9930115229750225,5.684819363267973,6.089838175072201,5.8
202207,2022-07-01,-3.7929183130866124,0.0018030790104055505,-3.831973733189963,0.17028431141578868,37.5,45.833333333333336,100.0,final,1.7141793911456833,1.5517622203015462,23.481492444049792,47.51347099600832,-0.02169462269620583,5.778305377303794,5.606293535382811,5.903823352526315,5.5956311928192655,6.000650004623493,5.8
202208,2022-08-01,-3.831606357945958,-0.03868804485934563,-3.80641535437653,0.025558378813432963,50.0,46.666666666666664,100.0,final,1.676574892770709,1.4760860709750077,22.99129880457141,46.82032378201718,-0.021535166977039985,5.7784648330229595,5.6064529911019765,5.90398280824548,5.595790648538431,6.0008094603426585,5.8
202209,2022-09-01,-3.4844048328481407,0.3472015250978173,-3.702976501293571,0.10343885308295908,50.0,45.833333333333336,95.0,final,1.636474338311665,1.3984456144120911,22.007407728505303,46.07850079067243,-0.021358914758673457,5.778641085241326,5.606629243320343,5.904159060463847,5.595966900756798,6.000985712561025,5.9
202210,2022-10-01,-3.6544085448123282,-0.1700037119641875,-3.6568065785354755,0.04616992275809473,65.0,55.0,100.0,final,1.670337503118429,1.4514891241075354,21.991366366366368,46.49486654540196,-0.02555265026493623,5.874447349735064,5.702435507814081,5.999965324957585,5.6917731652505354,6.096791977054763,6.0
202211,2022-11-01,-3.5254926497486694,0.12891589506365886,-3.5547686758030466,0.10203790273242956,67.5,60.833333333333336,100.0,final,1.707320540156361,1.5070599384032217,22.335657833565783,46.88492692310526,-0.025457399992461667,5.974542600007538,5.802530758086555,6.100060575230059,5.79186841552301,6.196887227327237,6.0
202212,2022-12-01,-2.937205230347233,0.5882874194014365,-3.3723688083027437,0.1823998675003026,75.0,69.16666666666667,100.0,final,1.7317570895784957,1.5512631060446134,22.730211508266372,47.25109848890794,-0.025370899964716077,5.974629100035284,5.802617258114301,6.100147075257805,5.791954915550756,6.196973727354983,6.0
202301,2023-01-01,-3.4162648799800532,-0.47905964963282033,-3.2929875866919853,0.07938122161075833,30.0,57.5,100.0,final,1.6259703767204838,1.562461303995809,20.986937144613492,49.00407035363531,-0.03039242488749692,5.969607575112503,5.79759573319152,6.095125550335024,5.786933390627975,6.191952202432202,6.0
202302,2023-02-01,-3.5800651583633774,-0.16380027838332412,-3.3111784228968886,-0.018190836204902656,40.0,48.333333333333336,100.0,final,1.4896820308233005,1.5457481418156778,19.361728395061732,50.923528261294734,-0.030995261369812857,5.969004738630187,5.796992896709204,6.094522713852708,5.786330554145659,6.191349365949886,6.0
202303,2023-03-01,-3.556465355810966,0.023599802552411564,-3.5175984647181324,-0.2064200418212443,57.49999999999999,42.5,100.0,final,1.3541489059391874,1.529127593066212,17.76752423564504,53.0343723050388,-0.03168825967170893,5.968311740328291,5.796299898407308,6.093829715550812,5.7856375558437625,6.19065636764799,6.0
202304,2023-04-01,-3.7937947746088803,-0.23732941879791447,-3.643441762927741,-0.12584329820960902,52.5,50.0,100.0,final,1.4170449172576831,1.455307328605201,18.442930635553584,50.66604664178337,-0.015469441191136626,5.9845305588088635,5.8125187168878805,6.110048534031384,5.801856374324335,6.2068751861285625,6.1
202305,2023-05-01,-3.540851607924209,0.2529431666846711,-3.630370579448019,0.013071183479722729,52.5,54.166666666666664,100.0,final,1.478941843871257,1.3810046114472396,19.044711742907477,48.287778565890825,-0.015433440281064335,6.084566559718935,5.912554717797952,6.210084534941456,5.901892375234406,6.306911187038634,6.2
202306,2023-06-01,-3.5120446579073628,0.02880695001684641,-3.6155636801468174,0.014806899301201012,47.5,50.833333333333336,100.0,final,1.5461309523809523,1.3117559523809526,20.17419766441985,45.899505337151794,-0.01539721219226609,6.184602787807734,6.012590945886751,6.3101207630302545,6.001928603323205,6.406947415127433,6.1
202307,2023-07-01,-3.45605084635704,0.0559938115503229,-3.5029823707295376,0.11258130941728013,55.00000000000001,51.666666666666664,100.0,final,1.5362508549729945,1.3488761527394513,20.272486772486772,46.75274776928956,-0.02713455583958038,6.072865444160419,5.900853602239436,6.19838341938294,5.89019125967589,6.295210071480118,6.0
202308,2023-08-01,-3.5893622134796606,-0.1333113671226207,-3.519152572581355,-0.01617020185181713,65.0,55.833333333333336,100.0,final,1.5210804848570187,1.38105631241126,20.659692339077274,47.58756767466026,-0.027067848919071928,5.972932151080928,5.800920309159945,6.098450126303449,5.7902579665964,6.195276778400627,5.8
202309,2023-09-01,-3.1776344251123487,0.41172778836731183,-3.4076824949830162,0.111470077598338,50.0,56.666666666666664,100.0,final,1.5073271630907306,1.414107418314402,20.7281738283604,48.404555327549176,-0.027003279348142367,5.772996720651857,5.600984878730874,5.898514695874378,5.590322536167329,5.995341347971556,5.7
202310,2023-10-01,-3.041338793237484,0.13629563187486493,-3.2694451439431647,0.13823735103985202,47.5,54.166666666666664,100.0,final,1.4384899744975552,1.3668023677499357,19.981832481832484,48.722279213684615,-0.025195473675084762,5.674804526324915,5.502792684403932,5.800322501547436,5.492130341840387,5.897149153644614,5.6
202311,2023-11-01,-2.8097035499314886,0.23163524330599516,-3.0095589227604407,0.259886221182724,42.5,46.666666666666664,100.0,final,1.3637582796902696,1.3138585688963522,18.9415289925494,49.06820666257279,-0.025297597169998843,5.574702402830001,5.402690560909018,5.700220378052522,5.392028218345472,5.7970470301497,5.6
202312,2023-12-01,-2.8075446033593785,0.002158946572110132,-2.8861956488427842,0.12336327391765674,52.5,47.5,100.0,final,1.2949148980878336,1.2665475940323598,17.65127103472968,49.44626743232158,-0.025413950095274657,5.574586049904725,5.402574207983742,5.700104025127246,5.391911865420196,5.796930677224424,5.7
202401,2024-01-01,-2.886936659929821,-0.07939205657044246,-2.8347282710735633,0.051467377769220946,52.5,49.166666666666664,100.0,final,1.328944450280725,1.2545201993673474,17.83379228891959,48.55960384587581,-0.02083445521053656,5.679165544789464,5.5071537028684805,5.804683520011984,5.496491360304935,5.9015101721091625,5.8
202402,2024-02-01,-2.937573241164064,-0.05063658123424286,-2.8773515014844215,-0.042623230410858394,50.0,51.666666666666664,100.0,final,1.3612509908145662,1.2409311325593322,18.02645796671915,47.68809690193338,-0.020889336550074168,5.779110663449925,5.607098821528942,5.904628638672446,5.596436478965397,6.001455290769624,5.9
202403,2024-03-01,-2.935850549242195,0.001722691921868691,-2.9201201501120266,-0.04276864862760554,57.49999999999999,53.333333333333336,100.0,final,1.392739965095986,1.22673647469459,18.539064823074636,46.83136126212557,-0.020942822601318543,5.879057177398682,5.707045335477699,6.004575152621203,5.696382992914153,6.101401804718381,5.9
202404,2024-04-01,-3.178684841147928,-0.2428342919057327,-3.017369543851396,-0.09724939373936896,35.0,47.5,100.0,final,1.417194295775469,1.2547195111997294,18.86965283502794,46.95958035488291,-0.024509287608011934,5.875490712391988,5.703478870471005,6.001008687614509,5.69281652790746,6.097835339711687,5.9
202405,2024-05-01,-3.250994418189244,-0.07230957704131624,-3.121843269526456,-0.10447372567506008,37.5,43.333333333333336,100.0,final,1.436318338455807,1.2779873335196053,19.516817423933226,47.08339767014944,-0.02449334902233973,5.875506650977661,5.703494809056678,6.001024626200182,5.692832466493132,6.09785127829736,5.8
202406,2024-06-01,-2.9842970945144933,0.26669732367475074,-3.137992117950555,-0.0161488484240994,47.5,40.0,100.0,final,1.4614980565185418,1.30664985817838,20.13780325400961,47.20303605313093,-0.0244782173464696,5.77552178265353,5.603509940732547,5.901039757876051,5.592847598169001,5.997866409973229,5.7
202407,2024-07-01,-3.2954164889765725,-0.31111939446207915,-3.17690266722677,-0.03891054927621488,55.00000000000001,46.666666666666664,100.0,final,1.4571545284780578,1.3221288515406162,20.38817035730616,47.57085445283859,-0.025376863056520958,5.674623136943479,5.502611295022496,5.800141112166,5.491948952458951,5.896967764263178,5.6
202408,2024-08-01,-3.0937473991043185,0.20166908987225396,-3.124486994198462,0.05241567302830852,47.5,50.0,100.0,final,1.450526659209545,1.3355005592841165,20.59745696109332,47.935660872910994,-0.025365956849753436,5.574634043150247,5.4026222012292635,5.700152018372767,5.391959858665718,5.7969786704699455,5.5
202409,2024-09-01,-2.6032146551691975,0.49053274393512103,-2.9974595144166964,0.1270274797817653,52.5,51.666666666666664,100.0,final,1.4419585293605157,1.346994249869315,20.816102709609904,48.29749215909233,-0.025355184059327733,5.474644815940672,5.302632974019689,5.600162791163193,5.291970631456143,5.696989443260371,5.4
202410,2024-10-01,-2.8194510826406143,-0.2162364274714168,-2.838804378971377,0.1586551354453194,55.00000000000001,51.666666666666664,100.0,final,1.3467127785928876,1.380912457206735,19.33136765251577,50.62691307744521,-0.03247971408965415,5.367520285910346,5.195508443989363,5.493038261132867,5.184846101425817,5.589864913230045,5.4
202411,2024-11-01,-3.0182372509976654,-0.1987861683570511,-2.813634329602493,0.025170049368884378,25.0,44.166666666666664,100.0,final,1.2502187226596677,1.4141032370953632,17.885214222062014,53.07553885962722,-0.03291134811446567,5.367088651885535,5.195076809964552,5.492606627108056,5.184414467401006,5.589433279205234,5.4
202412,2024-12-01,-2.966426830565455,0.05181042043221051,-2.9347050547345783,-0.12107072513208579,32.5,37.5,100.0,final,1.155080401657187,1.4495470823678112,16.457070252316065,55.65275999191211,-0.03337698455541253,5.3666230154445875,5.1946111735236045,5.492140990667108,5.183948830960059,5.5889676427642865,5.4
202501,2025-01-01,-2.93325048475371,0.03317634581174467,-2.9726381887722773,-0.037933134037698636,57.49999999999999,38.333333333333336,100.0,final,1.3152267692666433,1.4351521511017837,18.82507451129601,52.1801610852056,-0.011470930650109712,5.38852906934989,5.216517227428907,5.514047044572411,5.205854884865362,5.610873696669589,5.4
202502,2025-02-01,-2.8455265262326463,0.08772395852106385,-2.915067947183937,0.05757024158833968,35.0,41.666666666666664,100.0,final,1.4826925548195657,1.429082115445274,20.811524334251608,49.079419847940784,-0.012817406098865086,5.3871825939011355,5.2151707519801525,5.512700569123656,5.204508409416607,5.6095272212208345,5.5
202503,2025-03-01,-2.979479372490741,-0.13395284625809456,-2.919418794492366,-0.004350847308428681,70.0,54.166666666666664,100.0,final,1.642694901631897,1.41597651745466,23.572624885920305,46.29384211127614,-0.013958595190215691,5.486041404809784,5.314029562888801,5.611559380032305,5.3033672203252555,5.708386032129483,5.4
202504,2025-04-01,-2.9527292534543985,0.02675011903634239,-2.9259117173925957,-0.00649292290022944,45.0,50.0,100.0,final,1.7152384943082615,1.483157576180832,24.164207005116094,46.37191715765302,-0.024327718871097324,5.375672281128903,5.20366043920792,5.501190256351424,5.1929980966443745,5.598016908448602,5.5
202505,2025-05-01,-2.746915714768221,0.20581353868617747,-2.8930414469044536,0.03287027048814176,50.0,55.0,100.0,final,1.7884246168883307,1.5508895637704938,25.18272751849394,46.44335572714855,-0.024303688566168043,5.475696311433832,5.303684469512849,5.601214286656353,5.293022126949303,5.698040938753531,5.5
202506,2025-06-01,-2.7710600986034657,-0.024144383835244643,-2.8235683556086957,0.0694730912957584,55.00000000000001,50.0,100.0,final,1.863906359189378,1.6206149545772188,25.75261653728807,46.50896948669869,-0.02428259726100038,5.475717402739,5.303705560818017,5.601235377961521,5.293043218254471,5.698062030058699,5.6
202507,2025-07-01,-3.2247711215367665,-0.4537110229333008,-2.9142489783028185,-0.09068062269412265,35.0,46.666666666666664,100.0,final,1.727472810498835,1.6010723609501403,23.744995429910272,48.10126582278482,-0.029810627946597355,5.570189372053402,5.398177530132419,5.695707347275923,5.387515187568874,5.792533999373101,5.6
202508,2025-08-01,-2.9203548598270603,0.30441626170970615,-2.9720620266557645,-0.05781304835294643,42.5,44.166666666666664,100.0,final,1.579751838987709,1.5715070928206387,21.356016878277515,49.869183295541845,-0.030446542083220937,5.569553457916779,5.397541615995796,5.6950714331393,5.386879273432251,5.791898085236478,5.7
202509,2025-09-01,-3.065330539716495,-0.1449756798894346,-3.0701521736934407,-0.09809014703767642,25.0,34.166666666666664,100.0,final,1.4379354021532615,1.5480261769052144,19.399350649350648,51.843472727915454,-0.03119380319888505,5.668806196801115,5.496794354880132,5.794324172023636,5.486132012316586,5.891150824120814,5.7
202510,2025-10-01,-3.1960277590803075,-0.1306972193638125,-3.060571052874621,0.009581120818819677,47.5,38.333333333333336,100.0,final,1.3544154141499276,1.4942992929718593,18.307289688868636,52.45521038790268,-0.02626008081007196,5.673739919189928,5.501728077268945,5.799257894412449,5.4910657347053995,5.896084546509627,5.7
202511,2025-11-01,-3.0024062853262286,0.1936214737540789,-3.08792152804101,-0.027350475166389405,37.5,36.666666666666664,100.0,final,1.2722818587899623,1.44198882106691,17.201266661291417,53.12619820006118,-0.02647462223758485,5.673525377762416,5.501513535841433,5.799043352984937,5.490851193277887,5.895870005082115,5.7
202512,2025-12-01,-3.4873286528946132,-0.4849223675683847,-3.22858756576705,-0.14066603772603944,42.5,42.5,100.0,final,1.1923265936534682,1.3921300196573996,16.110091395019044,53.86548230244751,-0.026721919215944627,5.673278080784056,5.501266238863073,5.7987960560065765,5.490603896299527,5.895622708103755,5.7
202601,2026-01-01,-3.269954167436494,0.21737448545811944,-3.253229701885779,-0.024642136118728786,40.0,40.0,87.5,final,,,,,-0.02404501357349047,5.675954986426509,5.503943144505526,5.80147296164903,5.493280801941981,5.898299613746208,5.7
202602,2026-02-01,-3.181805090275979,0.0881490771605149,-3.313029303535696,-0.05979960164991679,55.00000000000001,45.833333333333336,87.5,final,,,,,-0.02404501357349047,5.675954986426509,5.503943144505526,5.80147296164903,5.493280801941981,5.898299613746208,5.6
202603,2026-03-01,-3.1659675878946474,0.015837502381331525,-3.2059089485357073,0.10712035499998862,60.0,51.666666666666664,87.5,final,,,,,-0.02404501357349047,5.575954986426509,5.403943144505526,5.70147296164903,5.39328080194198,5.798299613746208,5.6
202604,2026-04-01,-2.977275262770338,0.18869232512430933,-3.1083493136469884,0.09755963488871859,40.0,51.666666666666664,87.5,final,,,,,-0.02404501357349047,5.575954986426509,5.403943144505526,5.70147296164903,5.39328080194198,5.798299613746208,5.6
202605,2026-05-01,-2.816370120851546,0.1609051419187919,-2.986537657172177,0.12181165647481092,35.0,45.0,87.5,final,,,,,-0.02404501357349047,5.575954986426509,5.403943144505526,5.70147296164903,5.39328080194198,5.798299613746208,5.6
202606,2026-06-01,-3.083433909229611,-0.2670637883780649,-2.9590264309504986,0.027511226221678786,57.49999999999999,44.166666666666664,87.5,final,,,,,-0.02404501357349047,5.575954986426509,5.403943144505526,5.70147296164903,5.39328080194198,5.798299613746208,5.8
202607,2026-07-01,-2.947866478052862,0.13556743117674896,-2.9492235027113405,0.009802928239158662,62.5,51.666666666666664,75.0,preliminary,,,,,-0.02404501357349047,5.775954986426509,5.603943144505526,5.90147296164903,5.59328080194198,5.998299613746208,6.0
202608,2026-08-01,-2.466496109084759,0.48137036896810326,-2.832598832122411,0.11662467058892911,60.0,60.0,62.5,preliminary,,,,,-0.02404501357349047,5.975954986426509,5.803943144505526,6.10147296164903,5.793280801941981,6.198299613746208,6.1
