{"total_listings": 238, "new_this_week": 259, "median_price": 1250.0, "price_change_pct": 0, "avg_bedrooms": 1.6761133603238867, "model_mdae": 5.412330900032998, "underpriced_count": 1}