{"total_listings": 255, "new_this_week": 60, "median_price": 1200.0, "price_change_pct": -0.04, "avg_bedrooms": 1.7109634551495017, "model_mdae": 1.2803472123549682, "underpriced_count": 0, "median_days_on_market": 18.5349482587384}