{"total_listings": 224, "new_this_week": 50, "median_price": 1350.0, "price_change_pct": 0.0388611004232397, "avg_bedrooms": 1.700374531835206, "avg_days_on_market": 20.840965232837835}