{"total_listings": 354, "new_this_week": 74, "median_price": 1800.0, "price_change_pct": 0.5, "avg_bedrooms": 1.82687338501292, "model_mdae": 209.35005126354645, "underpriced_count": 34, "median_days_on_market": 21.8914240797917}