{"total_listings": 230, "new_this_week": 59, "median_price": 1400.0, "price_change_pct": 0.0, "avg_bedrooms": 1.6550522648083623, "avg_days_on_market": 26.484432556250816}