{"total_listings": 349, "new_this_week": 68, "median_price": 1700.0, "price_change_pct": 0.416666666666667, "avg_bedrooms": 1.871536523929471, "model_mdae": 218.33218665273694, "underpriced_count": 40, "median_days_on_market": 13.5200861803356}