{"total_listings": 255, "new_this_week": 54, "median_price": 1200.0, "price_change_pct": 0.0, "avg_bedrooms": 1.7142857142857142, "model_mdae": 1.241793730975246, "underpriced_count": 0, "median_days_on_market": 18.9790352037269}