{"total_listings": 241, "new_this_week": 264, "median_price": 1250.0, "price_change_pct": 0, "avg_bedrooms": 1.6653386454183268, "model_mdae": 6.798317309199888, "underpriced_count": 1}