{"total_listings": 251, "new_this_week": 51, "median_price": 1200.0, "price_change_pct": 0, "avg_bedrooms": 1.647058823529412, "model_mdae": 2.4357221936629685, "underpriced_count": 0, "median_days_on_market": 17.2274536433391}