{"total_listings": 244, "new_this_week": 54, "median_price": 1200.0, "price_change_pct": 0.0, "avg_bedrooms": 1.6941580756013745, "model_mdae": 1.033929738930624, "underpriced_count": 0, "median_days_on_market": 20.434685100625}