{"total_listings": 259, "new_this_week": 56, "median_price": 1150.0, "price_change_pct": 0, "avg_bedrooms": 1.6587837837837838, "model_mdae": 1.2828381272308889, "underpriced_count": 0, "median_days_on_market": 20.0058543972106}