{"total_listings": 226, "new_this_week": 50, "median_price": 1400.0, "price_change_pct": -0.0344827586206897, "avg_bedrooms": 1.6627450980392158, "avg_days_on_market": 26.839127038618507}