{"total_listings": 221, "new_this_week": 60, "median_price": 1400.0, "price_change_pct": 0.0, "avg_bedrooms": 1.6309963099630995, "avg_days_on_market": 26.691156340234226}