{"total_listings": 356, "new_this_week": 74, "median_price": 1650.0, "price_change_pct": 0.375, "avg_bedrooms": 1.8759305210918114, "model_mdae": 248.49947578858496, "underpriced_count": 32, "median_days_on_market": 11.4872164294329}