{"total_listings": 221, "new_this_week": 54, "median_price": 1450.0, "price_change_pct": 0.0357142857142857, "avg_bedrooms": 1.6581818181818182, "avg_days_on_market": 26.333200714320984}