{"total_listings": 237, "new_this_week": 51, "median_price": 1475.0, "price_change_pct": 0.0535714285714286, "avg_bedrooms": 1.6641221374045803, "avg_days_on_market": 25.99243103333658}