{"total_listings": 253, "new_this_week": 49, "median_price": 1200.0, "price_change_pct": 0, "avg_bedrooms": 1.673758865248227, "model_mdae": 3.4219108513427727, "underpriced_count": 1, "median_days_on_market": 17.4595437359375}