{"total_listings": 222, "new_this_week": 41, "median_price": 1400.0, "price_change_pct": 0.0769230769230769, "avg_bedrooms": 1.7333333333333334, "avg_days_on_market": 22.021461194567543}