{"total_listings": 224, "new_this_week": 47, "median_price": 1350.0, "price_change_pct": 0.048951048951049, "avg_bedrooms": 1.6853932584269662, "avg_days_on_market": 20.808470760786005}