{"total_listings": 264, "new_this_week": 61, "median_price": 1175.0, "price_change_pct": 0, "avg_bedrooms": 1.678688524590164, "model_mdae": 1.5078562065750702, "underpriced_count": 0, "median_days_on_market": 21.000966596985}