{"total_listings": 255, "new_this_week": 62, "median_price": 1200.0, "price_change_pct": 0, "avg_bedrooms": 1.6557377049180328, "model_mdae": 2.1800299134520174, "underpriced_count": 0, "median_days_on_market": 15.6472750253414}