{"total_listings": 213, "new_this_week": 65, "median_price": 1400.0, "price_change_pct": 0.037037037037037, "avg_bedrooms": 1.6628787878787878, "avg_days_on_market": 25.024146774621176}