{"total_listings": 240, "new_this_week": 53, "median_price": 1200.0, "price_change_pct": 0, "avg_bedrooms": 1.667870036101083, "model_mdae": 4.397105940672532, "underpriced_count": 2}