{"total_listings": 255, "new_this_week": 63, "median_price": 1400.0, "price_change_pct": 0.037037037037037, "avg_bedrooms": 1.7594501718213058, "avg_days_on_market": 28.819540282254746}