{"total_listings": 256, "new_this_week": 54, "median_price": 1150.0, "price_change_pct": -0.08, "avg_bedrooms": 1.675496688741722, "model_mdae": 1.090479279166857, "underpriced_count": 0, "median_days_on_market": 22.2799826804745}