{"total_listings": 237, "new_this_week": 58, "median_price": 1350.0, "price_change_pct": -0.0689655172413793, "avg_bedrooms": 1.6311787072243347, "avg_days_on_market": 26.86318448649904}