{"total_listings": 255, "new_this_week": 44, "median_price": 1200.0, "price_change_pct": 0, "avg_bedrooms": 1.648829431438127, "model_mdae": 3.300100292154468, "underpriced_count": 0, "median_days_on_market": 16.6382031025984}