{"total_listings": 220, "new_this_week": 58, "median_price": 1400.0, "price_change_pct": 0.0566037735849057, "avg_bedrooms": 1.7081712062256809, "avg_days_on_market": 23.22888818447543}