{"total_listings": 225, "new_this_week": 45, "median_price": 1462.5, "price_change_pct": 0.0446428571428571, "avg_bedrooms": 1.668, "avg_days_on_market": 25.818646342700873}