{"total_listings": 215, "new_this_week": 49, "median_price": 1400.0, "price_change_pct": 0.037037037037037, "avg_bedrooms": 1.704, "avg_days_on_market": 24.03886833199737}