{"total_listings": 353, "new_this_week": 62, "median_price": 1650.0, "price_change_pct": 0.375, "avg_bedrooms": 1.9017632241813602, "model_mdae": 234.5084443351833, "underpriced_count": 37, "median_days_on_market": 9.50283525375}