{"total_listings": 244, "new_this_week": 47, "median_price": 1200.0, "price_change_pct": -0.04, "avg_bedrooms": 1.6979166666666667, "model_mdae": 1.377448915436844, "underpriced_count": 0, "median_days_on_market": 22.4580334403356}