{"total_listings": 255, "new_this_week": 58, "median_price": 1200.0, "price_change_pct": 0, "avg_bedrooms": 1.6666666666666667, "model_mdae": 2.2801694513107122, "underpriced_count": 1}