{"total_listings": 261, "new_this_week": 56, "median_price": 1200.0, "price_change_pct": 0, "avg_bedrooms": 1.6554054054054055, "model_mdae": 1.6225539588103288, "underpriced_count": 0, "median_days_on_market": 19.0054583962153}