{"total_listings": 258, "new_this_week": 69, "median_price": 1400.0, "price_change_pct": 0.003584229390681, "avg_bedrooms": 1.7697594501718212, "avg_days_on_market": 28.92388213623245}