{"total_listings": 255, "new_this_week": 57, "median_price": 1200.0, "price_change_pct": -0.04, "avg_bedrooms": 1.7104377104377104, "model_mdae": 1.1882753812898272, "underpriced_count": 0, "median_days_on_market": 19.9371021836516}