{"total_listings": 245, "new_this_week": 52, "median_price": 1475.0, "price_change_pct": 0.0535714285714286, "avg_bedrooms": 1.6654135338345866, "avg_days_on_market": 26.087964493316704}