{"total_listings": 214, "new_this_week": 44, "median_price": 1400.0, "price_change_pct": 0.037037037037037, "avg_bedrooms": 1.7023809523809523, "avg_days_on_market": 23.686925560824694}