{"total_listings": 251, "new_this_week": 51, "median_price": 1395.0, "price_change_pct": -0.0542372881355932, "avg_bedrooms": 1.6556776556776558, "avg_days_on_market": 27.190780601228408}