{"total_listings": 240, "new_this_week": 66, "median_price": 1400.0, "price_change_pct": -0.0344827586206897, "avg_bedrooms": 1.6423357664233578, "avg_days_on_market": 26.691156340234226}