{"total_listings": 240, "new_this_week": 55, "median_price": 1350.0, "price_change_pct": -0.0357142857142857, "avg_bedrooms": 1.6923076923076923, "avg_days_on_market": 27.770588602477076}