{"total_listings": 232, "new_this_week": 61, "median_price": 1400.0, "price_change_pct": 0.0, "avg_bedrooms": 1.6468401486988848, "avg_days_on_market": 26.843861580959103}