{"total_listings": 222, "new_this_week": 38, "median_price": 1350.0, "price_change_pct": 0.0384615384615385, "avg_bedrooms": 1.6892430278884463, "avg_days_on_market": 21.13942083779673}