{"total_listings": 239, "new_this_week": 61, "median_price": 1400.0, "price_change_pct": 0.0, "avg_bedrooms": 1.63986013986014, "avg_days_on_market": 26.60924979762828}