{"total_listings": 258, "new_this_week": 47, "median_price": 1200.0, "price_change_pct": 0, "avg_bedrooms": 1.6445993031358885, "model_mdae": 2.354488692189534, "underpriced_count": 1, "median_days_on_market": 17.493424369838}