{"total_listings": 259, "new_this_week": 47, "median_price": 1200.0, "price_change_pct": 0, "avg_bedrooms": 1.6462585034013606, "model_mdae": 1.980500149842669, "underpriced_count": 0, "median_days_on_market": 17.5264917157813}