{"total_listings": 260, "new_this_week": 62, "median_price": 1200.0, "price_change_pct": 0, "avg_bedrooms": 1.6493506493506493, "model_mdae": 2.632811497200464, "underpriced_count": 0, "median_days_on_market": 15.1990959308333}