{"total_listings": 231, "new_this_week": 72, "median_price": 1400.0, "price_change_pct": 0.037037037037037, "avg_bedrooms": 1.6802973977695168, "avg_days_on_market": 24.57818355003037}