{"total_listings": 249, "new_this_week": 58, "median_price": 1400.0, "price_change_pct": 0.0, "avg_bedrooms": 1.7572463768115942, "avg_days_on_market": 28.395970780492686}