{"total_listings": 256, "new_this_week": 54, "median_price": 1200.0, "price_change_pct": 0, "avg_bedrooms": 1.6678200692041523, "model_mdae": 1.8267265518009026, "underpriced_count": 0, "median_days_on_market": 17.5574601873611}