{"total_listings": 340, "new_this_week": 65, "median_price": 1712.5, "price_change_pct": 0.489130434782609, "avg_bedrooms": 1.8690176322418135, "model_mdae": 230.7319257060256, "underpriced_count": 39, "median_days_on_market": 17.4949152917824}