{"total_listings": 225, "new_this_week": 57, "median_price": 1400.0, "price_change_pct": 0.037037037037037, "avg_bedrooms": 1.6772908366533865, "avg_days_on_market": 25.01667929543375}