{"total_listings": 253, "new_this_week": 54, "median_price": 1200.0, "price_change_pct": 0, "avg_bedrooms": 1.6643835616438356, "model_mdae": 1.655138317023443, "underpriced_count": 0, "median_days_on_market": 19.3220829509028}