{"total_listings": 255, "new_this_week": 56, "median_price": 1200.0, "price_change_pct": 0, "avg_bedrooms": 1.6724738675958188, "model_mdae": 1.8549893510482889, "underpriced_count": 0, "median_days_on_market": 18.1231000741435}