{"total_listings": 373, "new_this_week": 675, "median_price": 1500.0, "price_change_pct": 0.25, "avg_bedrooms": 1.7908653846153846, "model_mdae": 241.60743767042254, "underpriced_count": 35, "median_days_on_market": 1.43337693420139}