{"total_listings": 846, "new_this_week": 674, "median_price": 1200.0, "price_change_pct": 0.0, "avg_bedrooms": 1.9614949037372593, "model_mdae": 231.88331808844168, "underpriced_count": 107, "median_days_on_market": 0.629531317696759}