{"total_listings": 222, "new_this_week": 45, "median_price": 1500.0, "price_change_pct": 0.0714285714285714, "avg_bedrooms": 1.618320610687023, "avg_days_on_market": 25.628080790349067}