{"total_listings": 243, "new_this_week": 248, "median_price": 1250.0, "price_change_pct": 0, "avg_bedrooms": 1.6906779661016949, "model_mdae": 7.207067994894203, "underpriced_count": 5}