{"total_listings": 266, "new_this_week": 69, "median_price": 1200.0, "price_change_pct": 0, "avg_bedrooms": 1.6478405315614617, "model_mdae": 3.389263246747305, "underpriced_count": 1, "median_days_on_market": 10.2115484340509}