{"total_listings": 246, "new_this_week": 51, "median_price": 1350.0, "price_change_pct": -0.0847457627118644, "avg_bedrooms": 1.6431226765799256, "avg_days_on_market": 27.039807477307686}