{"total_listings": 257, "new_this_week": 58, "median_price": 1200.0, "price_change_pct": 0, "avg_bedrooms": 1.6643598615916955, "model_mdae": 1.561452760431166, "underpriced_count": 0, "median_days_on_market": 18.1618193581366}