{"total_listings": 255, "new_this_week": 59, "median_price": 1200.0, "price_change_pct": 0, "avg_bedrooms": 1.6655172413793102, "model_mdae": 1.0172722359703812, "underpriced_count": 0, "median_days_on_market": 18.4472481913252}