{"total_listings": 334, "new_this_week": 66, "median_price": 1700.0, "price_change_pct": 0.431578947368421, "avg_bedrooms": 1.871212121212121, "model_mdae": 216.05647362294667, "underpriced_count": 42, "median_days_on_market": 16.5077781306597}