{"total_listings": 354, "new_this_week": 72, "median_price": 1700.0, "price_change_pct": 0.416666666666667, "avg_bedrooms": 1.8640776699029127, "model_mdae": 227.4420359429962, "underpriced_count": 39, "median_days_on_market": 13.1674822958681}