{"total_listings": 359, "new_this_week": 73, "median_price": 1795.0, "price_change_pct": 0.495833333333333, "avg_bedrooms": 1.830379746835443, "model_mdae": 212.6421807874441, "underpriced_count": 26, "median_days_on_market": 23.0414234160648}