{"total_listings": 227, "new_this_week": 46, "median_price": 1350.0, "price_change_pct": 0.0392609699769053, "avg_bedrooms": 1.6771653543307088, "avg_days_on_market": 20.877537925934757}