{"total_listings": 226, "new_this_week": 54, "median_price": 1400.0, "price_change_pct": 0.0769230769230769, "avg_bedrooms": 1.7015503875968991, "avg_days_on_market": 22.814328239759266}