{"total_listings": 217, "new_this_week": 48, "median_price": 1487.0, "price_change_pct": 0.0621428571428571, "avg_bedrooms": 1.6615384615384614, "avg_days_on_market": 25.704202383547393}