{"total_listings": 241, "new_this_week": 278, "median_price": 1250.0, "price_change_pct": 0, "avg_bedrooms": 1.6716981132075472, "model_mdae": 3.7226289685302163, "underpriced_count": 1}