{"total_listings": 215, "new_this_week": 57, "median_price": 1400.0, "price_change_pct": 0.0769230769230769, "avg_bedrooms": 1.7093023255813953, "avg_days_on_market": 22.98762700790515}