{"total_listings": 225, "new_this_week": 51, "median_price": 1400.0, "price_change_pct": 0.0769230769230769, "avg_bedrooms": 1.7076923076923076, "avg_days_on_market": 22.519099433785602}