{"total_listings": 258, "new_this_week": 55, "median_price": 1200.0, "price_change_pct": -0.04, "avg_bedrooms": 1.707641196013289, "model_mdae": 1.4022926243260372, "underpriced_count": 0, "median_days_on_market": 21.5589373789236}