{"total_listings": 256, "new_this_week": 49, "median_price": 1187.5, "price_change_pct": 0, "avg_bedrooms": 1.6452702702702704, "model_mdae": 1.51867961217647, "underpriced_count": 0, "median_days_on_market": 19.2363429816725}