{"total_listings": 248, "new_this_week": 272, "median_price": 1250.0, "price_change_pct": 0, "avg_bedrooms": 1.6795366795366795, "model_mdae": 8.972129654422588, "underpriced_count": 4}