{"total_listings": 244, "new_this_week": 285, "median_price": 1250.0, "price_change_pct": 0, "avg_bedrooms": 1.6764705882352942, "model_mdae": 4.802757058974521, "underpriced_count": 3}