{"total_listings": 225, "new_this_week": 52, "median_price": 1350.0, "price_change_pct": 0.0693069306930693, "avg_bedrooms": 1.6977611940298507, "avg_days_on_market": 20.731868712826955}