{"total_listings": 357, "new_this_week": 678, "median_price": 1500.0, "price_change_pct": 0.25, "avg_bedrooms": 1.8080568720379147, "model_mdae": 246.09948874611746, "underpriced_count": 28, "median_days_on_market": 7.45789851074074}