{"total_listings": 349, "new_this_week": 76, "median_price": 1762.5, "price_change_pct": 0.46875, "avg_bedrooms": 1.83289124668435, "model_mdae": 222.09289944494822, "underpriced_count": 32, "median_days_on_market": 22.5051575371933}