{"total_listings": 254, "new_this_week": 61, "median_price": 1400.0, "price_change_pct": 0.037037037037037, "avg_bedrooms": 1.756183745583039, "avg_days_on_market": 28.806852900241417}