{"total_listings": 359, "new_this_week": 72, "median_price": 1800.0, "price_change_pct": 0.5, "avg_bedrooms": 1.8376288659793814, "model_mdae": 203.750394505676, "underpriced_count": 27, "median_days_on_market": 22.0415439307234}