{"total_listings": 242, "new_this_week": 247, "median_price": 1250.0, "price_change_pct": 0, "avg_bedrooms": 1.6936170212765957, "model_mdae": 6.00635349198717, "underpriced_count": 3}