{"total_listings": 249, "new_this_week": 51, "median_price": 1400.0, "price_change_pct": 0.0, "avg_bedrooms": 1.7854545454545454, "avg_days_on_market": 28.22817358204434}