{"total_listings": 249, "new_this_week": 50, "median_price": 1200.0, "price_change_pct": 0, "avg_bedrooms": 1.6542372881355931, "model_mdae": 2.6235773094294927, "underpriced_count": 0, "median_days_on_market": 18.2030779414931}