{"total_listings": 342, "new_this_week": 68, "median_price": 1750.0, "price_change_pct": 0.521739130434783, "avg_bedrooms": 1.835509138381201, "model_mdae": 209.5483047074677, "underpriced_count": 33, "median_days_on_market": 21.508928780787}