{"total_listings": 235, "new_this_week": 50, "median_price": 1400.0, "price_change_pct": 0.0769230769230769, "avg_bedrooms": 1.700374531835206, "avg_days_on_market": 22.519099433785602}