{"total_listings": 211, "new_this_week": 47, "median_price": 1400.0, "price_change_pct": 0.037037037037037, "avg_bedrooms": 1.676, "avg_days_on_market": 24.3288444581299}