{"total_listings": 216, "new_this_week": 55, "median_price": 1400.0, "price_change_pct": 0.037037037037037, "avg_bedrooms": 1.6758893280632412, "avg_days_on_market": 24.6106001144387}