{"total_listings": 219, "new_this_week": 46, "median_price": 1400.0, "price_change_pct": 0.037037037037037, "avg_bedrooms": 1.6935483870967742, "avg_days_on_market": 24.191753354557687}