{"total_listings": 211, "new_this_week": 40, "median_price": 1400.0, "price_change_pct": 0.0769230769230769, "avg_bedrooms": 1.7136929460580912, "avg_days_on_market": 24.047431026498888}