{"total_listings": 249, "new_this_week": 61, "median_price": 1350.0, "price_change_pct": -0.0847457627118644, "avg_bedrooms": 1.654275092936803, "avg_days_on_market": 27.041786788584403}