{"total_listings": 280, "new_this_week": 63, "median_price": 1400.0, "price_change_pct": 0.037037037037037, "avg_bedrooms": 1.7577854671280277, "avg_days_on_market": 28.755020091845218}