{"total_listings": 240, "new_this_week": 53, "median_price": 1400.0, "price_change_pct": 0.0, "avg_bedrooms": 1.7818181818181817, "avg_days_on_market": 28.269430217573785}