{"total_listings": 232, "new_this_week": 63, "median_price": 1400.0, "price_change_pct": 0.037037037037037, "avg_bedrooms": 1.6731517509727627, "avg_days_on_market": 25.05707550497861}