{"total_listings": 217, "new_this_week": 49, "median_price": 1487.0, "price_change_pct": 0.0621428571428571, "avg_bedrooms": 1.611320754716981, "avg_days_on_market": 25.628080790349067}