{"total_listings": 227, "new_this_week": 40, "median_price": 1400.0, "price_change_pct": 0.0769230769230769, "avg_bedrooms": 1.7283464566929134, "avg_days_on_market": 22.021461194567543}