{"total_listings": 224, "new_this_week": 54, "median_price": 1400.0, "price_change_pct": -0.0344827586206897, "avg_bedrooms": 1.651851851851852, "avg_days_on_market": 26.855111915269465}