{"total_listings": 251, "new_this_week": 52, "median_price": 1200.0, "price_change_pct": 0.0, "avg_bedrooms": 1.7060810810810811, "model_mdae": 1.688025220041709, "underpriced_count": 0, "median_days_on_market": 18.999864458397}