{"total_listings": 361, "new_this_week": 674, "median_price": 1600.0, "price_change_pct": 0.333333333333333, "avg_bedrooms": 1.8624078624078624, "model_mdae": 246.52426033749703, "underpriced_count": 38, "median_days_on_market": 9.47144283854167}