{"total_listings": 262, "new_this_week": 56, "median_price": 1187.5, "price_change_pct": 0, "avg_bedrooms": 1.6778523489932886, "model_mdae": 2.149835444289579, "underpriced_count": 0, "median_days_on_market": 20.4527023668287}