{"total_listings": 245, "new_this_week": 50, "median_price": 1400.0, "price_change_pct": 0.0, "avg_bedrooms": 1.8051470588235294, "avg_days_on_market": 28.22817358204434}