{"total_listings": 355, "new_this_week": 74, "median_price": 1737.5, "price_change_pct": 0.447916666666667, "avg_bedrooms": 1.8190954773869348, "model_mdae": 212.6188752664999, "underpriced_count": 15, "median_days_on_market": 22.0358817350347}