{"total_listings": 377, "new_this_week": 676, "median_price": 1500.0, "price_change_pct": 0.25, "avg_bedrooms": 1.7894736842105263, "model_mdae": 240.90358757445415, "underpriced_count": 104, "median_days_on_market": 0.678789271979167}