{"total_listings": 223, "new_this_week": 56, "median_price": 1400.0, "price_change_pct": 0.0, "avg_bedrooms": 1.6524822695035462, "avg_days_on_market": 26.60924979762828}