{"total_listings": 245, "new_this_week": 64, "median_price": 1400.0, "price_change_pct": 0.0, "avg_bedrooms": 1.7728937728937728, "avg_days_on_market": 28.20188069636036}