{"total_listings": 254, "new_this_week": 57, "median_price": 1200.0, "price_change_pct": 0, "avg_bedrooms": 1.6619718309859155, "model_mdae": 2.8589234323499113, "underpriced_count": 1}