{"total_listings": 223, "new_this_week": 48, "median_price": 1350.0, "price_change_pct": 0.08, "avg_bedrooms": 1.6917293233082706, "avg_days_on_market": 20.647240017943595}