{"total_listings": 233, "new_this_week": 59, "median_price": 1400.0, "price_change_pct": 0.0, "avg_bedrooms": 1.646643109540636, "avg_days_on_market": 26.5287791059261}