{"total_listings": 236, "new_this_week": 44, "median_price": 1350.0, "price_change_pct": -0.0921318090114324, "avg_bedrooms": 1.640926640926641, "avg_days_on_market": 26.97391763778297}