{"total_listings": 239, "new_this_week": 53, "median_price": 1200.0, "price_change_pct": 0.0, "avg_bedrooms": 1.7074829931972788, "model_mdae": 1.1439661731807291, "underpriced_count": 0, "median_days_on_market": 20.4367138502604}