{"total_listings": 212, "new_this_week": 37, "median_price": 1400.0, "price_change_pct": 0.0769230769230769, "avg_bedrooms": 1.716101694915254, "avg_days_on_market": 24.005327791205453}