{"total_listings": 257, "new_this_week": 74, "median_price": 1200.0, "price_change_pct": 0, "avg_bedrooms": 1.6644736842105263, "model_mdae": 1.7901877049176846, "underpriced_count": 0, "median_days_on_market": 13.6474605670833}