{"total_listings": 233, "new_this_week": 60, "median_price": 1450.0, "price_change_pct": 0.0357142857142857, "avg_bedrooms": 1.6666666666666667, "avg_days_on_market": 25.221958078790326}