{"total_listings": 232, "new_this_week": 49, "median_price": 1350.0, "price_change_pct": -0.0921318090114324, "avg_bedrooms": 1.6515151515151516, "avg_days_on_market": 27.131158897907547}