{"total_listings": 226, "new_this_week": 55, "median_price": 1400.0, "price_change_pct": -0.0663554518172724, "avg_bedrooms": 1.6641509433962265, "avg_days_on_market": 26.86331267948121}