{"total_listings": 244, "new_this_week": 57, "median_price": 1400.0, "price_change_pct": -0.0344827586206897, "avg_bedrooms": 1.629770992366412, "avg_days_on_market": 26.878689934848126}