{"total_listings": 271, "new_this_week": 64, "median_price": 1400.0, "price_change_pct": 0.037037037037037, "avg_bedrooms": 1.76056338028169, "avg_days_on_market": 28.755020091845218}