{"total_listings": 255, "new_this_week": 60, "median_price": 1372.5, "price_change_pct": -0.0694915254237288, "avg_bedrooms": 1.625925925925926, "avg_days_on_market": 27.363909321014397}