{"total_listings": 224, "new_this_week": 48, "median_price": 1475.0, "price_change_pct": 0.0172413793103448, "avg_bedrooms": 1.650375939849624, "avg_days_on_market": 26.249749167271066}