{"total_listings": 345, "new_this_week": 73, "median_price": 1750.0, "price_change_pct": 0.473684210526316, "avg_bedrooms": 1.84863523573201, "model_mdae": 198.8944793403291, "underpriced_count": 38, "median_days_on_market": 19.4865773352199}