{"total_listings": 376, "new_this_week": 192, "median_price": 1500.0, "price_change_pct": 0.25, "avg_bedrooms": 1.7995226730310263, "model_mdae": 0.3121092619433057, "underpriced_count": 53, "median_days_on_market": 8.99772039454861}