{"total_listings": 235, "new_this_week": 57, "median_price": 1462.5, "price_change_pct": 0.0446428571428571, "avg_bedrooms": 1.6528301886792454, "avg_days_on_market": 26.019735877997313}