{"total_listings": 261, "new_this_week": 47, "median_price": 1200.0, "price_change_pct": 0, "avg_bedrooms": 1.6357388316151202, "model_mdae": 1.955206933330146, "underpriced_count": 0, "median_days_on_market": 18.2604913181076}