{"total_listings": 327, "new_this_week": 59, "median_price": 1700.0, "price_change_pct": 0.416666666666667, "avg_bedrooms": 1.8698979591836735, "model_mdae": 221.5295262583959, "underpriced_count": 44, "median_days_on_market": 15.515155889838}