{"total_listings": 367, "new_this_week": 76, "median_price": 1800.0, "price_change_pct": 0.5, "avg_bedrooms": 1.8467532467532468, "model_mdae": 212.36744744285295, "underpriced_count": 34, "median_days_on_market": 23.8083741665972}