{"total_listings": 357, "new_this_week": 68, "median_price": 1650.0, "price_change_pct": 0.375, "avg_bedrooms": 1.8866498740554156, "model_mdae": 247.4939783130285, "underpriced_count": 38, "median_days_on_market": 10.4940952592824}