{"total_listings": 216, "new_this_week": 40, "median_price": 1400.0, "price_change_pct": 0.037037037037037, "avg_bedrooms": 1.7183673469387755, "avg_days_on_market": 23.675981955063175}