{"total_listings": 239, "new_this_week": 264, "median_price": 1250.0, "price_change_pct": 0, "avg_bedrooms": 1.6653386454183268, "model_mdae": 6.79866907837868, "underpriced_count": 1}