{"total_listings": 254, "new_this_week": 51, "median_price": 1162.5, "price_change_pct": 0, "avg_bedrooms": 1.6517241379310346, "model_mdae": 1.4050399030877543, "underpriced_count": 0, "median_days_on_market": 20.2062526853993}