{"total_listings": 352, "new_this_week": 671, "median_price": 1500.0, "price_change_pct": 0.25, "avg_bedrooms": 1.8312958435207825, "model_mdae": 236.9271273329116, "underpriced_count": 33, "median_days_on_market": 8.56187818493056}