{"total_listings": 231, "new_this_week": 54, "median_price": 1350.0, "price_change_pct": -0.0357142857142857, "avg_bedrooms": 1.6789667896678968, "avg_days_on_market": 27.535962720375537}