{"total_listings": 342, "new_this_week": 72, "median_price": 1750.0, "price_change_pct": 0.505376344086022, "avg_bedrooms": 1.8546365914786966, "model_mdae": 202.32383831142442, "underpriced_count": 33, "median_days_on_market": 20.5079212996933}