{"total_listings": 354, "new_this_week": 72, "median_price": 1700.0, "price_change_pct": 0.416666666666667, "avg_bedrooms": 1.8640776699029127, "model_mdae": 249.40327395654782, "underpriced_count": 35, "median_days_on_market": 13.0950089720949}