{"total_listings": 240, "new_this_week": 52, "median_price": 1200.0, "price_change_pct": 0.0, "avg_bedrooms": 1.7058823529411764, "model_mdae": 1.307743512227944, "underpriced_count": 0, "median_days_on_market": 19.4308238565972}