{"total_listings": 234, "new_this_week": 46, "median_price": 1475.0, "price_change_pct": 0.0535714285714286, "avg_bedrooms": 1.6770428015564203, "avg_days_on_market": 25.75749708120798}