{"total_listings": 252, "new_this_week": 63, "median_price": 1395.0, "price_change_pct": -0.00357142857142857, "avg_bedrooms": 1.7096774193548387, "avg_days_on_market": 27.901626547893418}