{"total_listings": 219, "new_this_week": 48, "median_price": 1450.0, "price_change_pct": 0.0357142857142857, "avg_bedrooms": 1.6653696498054475, "avg_days_on_market": 25.07163469484646}