{"total_listings": 256, "new_this_week": 57, "median_price": 1200.0, "price_change_pct": 0, "avg_bedrooms": 1.6701388888888888, "model_mdae": 2.1296155772965903, "underpriced_count": 0, "median_days_on_market": 18.137765408287}