{"total_listings": 228, "new_this_week": 70, "median_price": 1400.0, "price_change_pct": -0.0344827586206897, "avg_bedrooms": 1.6425992779783394, "avg_days_on_market": 26.930058621870963}