{"total_listings": 252, "new_this_week": 56, "median_price": 1200.0, "price_change_pct": 0, "avg_bedrooms": 1.6666666666666667, "model_mdae": 3.102322544418257, "underpriced_count": 1}