{"total_listings": 232, "new_this_week": 53, "median_price": 1395.0, "price_change_pct": -0.00357142857142857, "avg_bedrooms": 1.7348484848484849, "avg_days_on_market": 28.178416357757957}