{"total_listings": 354, "new_this_week": 668, "median_price": 1500.0, "price_change_pct": 0.25, "avg_bedrooms": 1.8199513381995134, "model_mdae": 237.28493795565805, "underpriced_count": 35, "median_days_on_market": 7.44973642859954}