{"total_listings": 244, "new_this_week": 249, "median_price": 1250.0, "price_change_pct": 0, "avg_bedrooms": 1.6962025316455696, "model_mdae": 5.746898120433116, "underpriced_count": 5}