{"total_listings": 376, "new_this_week": 75, "median_price": 1600.0, "price_change_pct": 0.333333333333333, "avg_bedrooms": 1.8605769230769231, "model_mdae": 241.10024413401152, "underpriced_count": 39, "median_days_on_market": 8.45134553090278}