{"total_listings": 240, "new_this_week": 57, "median_price": 1400.0, "price_change_pct": 0.0, "avg_bedrooms": 1.77007299270073, "avg_days_on_market": 28.264414115932343}