{"total_listings": 257, "new_this_week": 72, "median_price": 1200.0, "price_change_pct": 0, "avg_bedrooms": 1.6633663366336633, "model_mdae": 2.6773681555402504, "underpriced_count": 0, "median_days_on_market": 12.6472672110069}