{"total_listings": 259, "new_this_week": 60, "median_price": 1200.0, "price_change_pct": 0, "avg_bedrooms": 1.6690140845070423, "model_mdae": 2.5939973828128586, "underpriced_count": 2, "median_days_on_market": 8.72239487019676}