{"total_listings": 232, "new_this_week": 50, "median_price": 1450.0, "price_change_pct": 0.0357142857142857, "avg_bedrooms": 1.649056603773585, "avg_days_on_market": 25.512468069113346}