{"total_listings": 272, "new_this_week": 76, "median_price": 1200.0, "price_change_pct": 0, "avg_bedrooms": 1.6546052631578947, "model_mdae": 2.473733801829326, "underpriced_count": 1, "median_days_on_market": 12.2011474395718}