{"total_listings": 248, "new_this_week": 59, "median_price": 1395.0, "price_change_pct": -0.0542372881355932, "avg_bedrooms": 1.641025641025641, "avg_days_on_market": 27.27803325563475}