{"total_listings": 270, "new_this_week": 72, "median_price": 1200.0, "price_change_pct": 0, "avg_bedrooms": 1.6514657980456027, "model_mdae": 2.8978987419393434, "underpriced_count": 1, "median_days_on_market": 11.2052444649421}