{"total_listings": 233, "new_this_week": 42, "median_price": 1350.0, "price_change_pct": 0.0384615384615385, "avg_bedrooms": 1.683794466403162, "avg_days_on_market": 21.054436756705595}