{"total_listings": 259, "new_this_week": 56, "median_price": 1150.0, "price_change_pct": 0, "avg_bedrooms": 1.664406779661017, "model_mdae": 1.4962691411406013, "underpriced_count": 0, "median_days_on_market": 20.4771207738657}