{"total_listings": 258, "new_this_week": 50, "median_price": 1200.0, "price_change_pct": 0, "avg_bedrooms": 1.652317880794702, "model_mdae": 3.0108219630199073, "underpriced_count": 0, "median_days_on_market": 16.1947913196181}