{"total_listings": 232, "new_this_week": 50, "median_price": 1499.0, "price_change_pct": 0.0707142857142857, "avg_bedrooms": 1.6551724137931034, "avg_days_on_market": 25.331264042502045}