{"total_listings": 264, "new_this_week": 52, "median_price": 1162.5, "price_change_pct": 0, "avg_bedrooms": 1.674342105263158, "model_mdae": 1.6062798601628856, "underpriced_count": 0, "median_days_on_market": 21.4453589649595}