{"total_listings": 238, "new_this_week": 55, "median_price": 1350.0, "price_change_pct": -0.1, "avg_bedrooms": 1.6531365313653137, "avg_days_on_market": 27.045824256926057}