{"total_listings": 240, "new_this_week": 254, "median_price": 1250.0, "price_change_pct": 0, "avg_bedrooms": 1.6859504132231404, "model_mdae": 7.499152964596476, "underpriced_count": 3}