{"total_listings": 257, "new_this_week": 55, "median_price": 1200.0, "price_change_pct": 0, "avg_bedrooms": 1.6643356643356644, "model_mdae": 1.7330110629499131, "underpriced_count": 0, "median_days_on_market": 18.0000291052778}