{"total_listings": 360, "new_this_week": 77, "median_price": 1800.0, "price_change_pct": 0.5, "avg_bedrooms": 1.8363171355498722, "model_mdae": 208.57255546384022, "underpriced_count": 36, "median_days_on_market": 22.4093290977662}