{"total_listings": 248, "new_this_week": 55, "median_price": 1200.0, "price_change_pct": -0.04, "avg_bedrooms": 1.6870748299319729, "model_mdae": 1.487091112322105, "underpriced_count": 0, "median_days_on_market": 22.0013543915625}