{"total_listings": 243, "new_this_week": 62, "median_price": 1350.0, "price_change_pct": -0.0357142857142857, "avg_bedrooms": 1.693661971830986, "avg_days_on_market": 27.746973028794983}