{"total_listings": 252, "new_this_week": 55, "median_price": 1200.0, "price_change_pct": -0.04, "avg_bedrooms": 1.6928327645051195, "model_mdae": 1.8357844893569109, "underpriced_count": 0, "median_days_on_market": 22.5555439194676}