{"total_listings": 243, "new_this_week": 48, "median_price": 1200.0, "price_change_pct": -0.04, "avg_bedrooms": 1.690972222222222, "model_mdae": 1.71903268656024, "underpriced_count": 0, "median_days_on_market": 21.7386314209259}