{"total_listings": 240, "new_this_week": 59, "median_price": 1350.0, "price_change_pct": -0.0357142857142857, "avg_bedrooms": 1.6950354609929077, "avg_days_on_market": 27.73693341890814}