{"total_listings": 246, "new_this_week": 45, "median_price": 1395.0, "price_change_pct": -0.0693795863909273, "avg_bedrooms": 1.6575875486381324, "avg_days_on_market": 26.801267780093465}