{"total_listings": 217, "new_this_week": 53, "median_price": 1400.0, "price_change_pct": 0.037037037037037, "avg_bedrooms": 1.689922480620155, "avg_days_on_market": 23.30394304219305}