{"total_listings": 201, "new_this_week": 38, "median_price": 1400.0, "price_change_pct": 0.037037037037037, "avg_bedrooms": 1.6875, "avg_days_on_market": 23.935576617790037}