{"total_listings": 237, "new_this_week": 50, "median_price": 1350.0, "price_change_pct": 0.08, "avg_bedrooms": 1.6879699248120301, "avg_days_on_market": 20.051201744799652}