{"total_listings": 253, "new_this_week": 44, "median_price": 1200.0, "price_change_pct": 0, "avg_bedrooms": 1.6445993031358885, "model_mdae": 1.6702673647694155, "underpriced_count": 0, "median_days_on_market": 17.9720627141146}