{"total_listings": 218, "new_this_week": 53, "median_price": 1450.0, "price_change_pct": 0.0357142857142857, "avg_bedrooms": 1.6165413533834585, "avg_days_on_market": 25.480089707205895}