{"total_listings": 228, "new_this_week": 54, "median_price": 1350.0, "price_change_pct": 0.08, "avg_bedrooms": 1.6905660377358491, "avg_days_on_market": 20.168578631848863}