{"total_listings": 259, "new_this_week": 72, "median_price": 1200.0, "price_change_pct": 0, "avg_bedrooms": 1.6655737704918032, "model_mdae": 1.8432607480412457, "underpriced_count": 0, "median_days_on_market": 14.1982916824074}