{"total_listings": 256, "new_this_week": 50, "median_price": 1150.0, "price_change_pct": 0, "avg_bedrooms": 1.648829431438127, "model_mdae": 1.3121257854724035, "underpriced_count": 0, "median_days_on_market": 19.4611154859549}