{"total_listings": 252, "new_this_week": 58, "median_price": 1200.0, "price_change_pct": 0.0, "avg_bedrooms": 1.7046979865771812, "model_mdae": 1.439944903838807, "underpriced_count": 0, "median_days_on_market": 20.0027410908102}