{"total_listings": 246, "new_this_week": 52, "median_price": 1372.5, "price_change_pct": -0.0615384615384615, "avg_bedrooms": 1.6531365313653137, "avg_days_on_market": 27.083742448554}