{"total_listings": 269, "new_this_week": 67, "median_price": 1200.0, "price_change_pct": 0, "avg_bedrooms": 1.6587837837837838, "model_mdae": 4.201998485268916, "underpriced_count": 2, "median_days_on_market": 9.19499119053819}