{"total_listings": 252, "new_this_week": 57, "median_price": 1200.0, "price_change_pct": -0.04, "avg_bedrooms": 1.6933333333333334, "model_mdae": 1.728891809251195, "underpriced_count": 0, "median_days_on_market": 21.454534639838}