{"total_listings": 228, "new_this_week": 54, "median_price": 1450.0, "price_change_pct": 0.0357142857142857, "avg_bedrooms": 1.6380597014925373, "avg_days_on_market": 25.63413759708199}