{"total_listings": 351, "new_this_week": 63, "median_price": 1800.0, "price_change_pct": 0.5, "avg_bedrooms": 1.8440860215053763, "model_mdae": 216.22842211045725, "underpriced_count": 35, "median_days_on_market": 23.4786786988542}