{"total_listings": 234, "new_this_week": 71, "median_price": 1400.0, "price_change_pct": 0.037037037037037, "avg_bedrooms": 1.6830188679245284, "avg_days_on_market": 24.57818355003037}