{"total_listings": 241, "new_this_week": 56, "median_price": 1400.0, "price_change_pct": 0.0, "avg_bedrooms": 1.753787878787879, "avg_days_on_market": 28.19039106160628}