{"total_listings": 253, "new_this_week": 47, "median_price": 1200.0, "price_change_pct": 0, "avg_bedrooms": 1.6539792387543253, "model_mdae": 1.6709371236642596, "underpriced_count": 0, "median_days_on_market": 17.4681630733275}