{"total_listings": 229, "new_this_week": 58, "median_price": 1400.0, "price_change_pct": -0.0344827586206897, "avg_bedrooms": 1.6605166051660516, "avg_days_on_market": 26.91557417970478}