{"total_listings": 223, "new_this_week": 65, "median_price": 1400.0, "price_change_pct": 0.0, "avg_bedrooms": 1.6309963099630995, "avg_days_on_market": 26.91557417970478}