{"total_listings": 246, "new_this_week": 50, "median_price": 1200.0, "price_change_pct": 0, "avg_bedrooms": 1.6466666666666667, "model_mdae": 2.4357344171526165, "underpriced_count": 0, "median_days_on_market": 17.6381573312731}