{"total_listings": 263, "new_this_week": 57, "median_price": 1150.0, "price_change_pct": 0, "avg_bedrooms": 1.6589403973509933, "model_mdae": 1.3142784965334045, "underpriced_count": 0, "median_days_on_market": 19.0064343556597}