{"total_listings": 226, "new_this_week": 44, "median_price": 1475.0, "price_change_pct": 0.0535714285714286, "avg_bedrooms": 1.6627450980392158, "avg_days_on_market": 25.65239578201154}