{"total_listings": 262, "new_this_week": 54, "median_price": 1150.0, "price_change_pct": -0.08, "avg_bedrooms": 1.6688524590163933, "model_mdae": 0.9716606831018453, "underpriced_count": 0, "median_days_on_market": 21.5675380511863}