{"total_listings": 219, "new_this_week": 34, "median_price": 1400.0, "price_change_pct": 0.0769230769230769, "avg_bedrooms": 1.7096774193548387, "avg_days_on_market": 21.747956139046856}