{"total_listings": 245, "new_this_week": 52, "median_price": 1200.0, "price_change_pct": 0, "avg_bedrooms": 1.6630434782608696, "model_mdae": 4.2929700037750536, "underpriced_count": 2}