{"total_listings": 238, "new_this_week": 55, "median_price": 1400.0, "price_change_pct": 0.0, "avg_bedrooms": 1.7814814814814814, "avg_days_on_market": 28.395970780492686}