{"total_listings": 247, "new_this_week": 57, "median_price": 1395.0, "price_change_pct": -0.0542372881355932, "avg_bedrooms": 1.6336996336996337, "avg_days_on_market": 27.3022408963332}