{"total_listings": 346, "new_this_week": 74, "median_price": 1750.0, "price_change_pct": 0.521739130434783, "avg_bedrooms": 1.853960396039604, "model_mdae": 212.83588847401518, "underpriced_count": 38, "median_days_on_market": 18.4853507479398}