{"total_listings": 362, "new_this_week": 70, "median_price": 1797.5, "price_change_pct": 0.497916666666667, "avg_bedrooms": 1.8298969072164948, "model_mdae": 200.5191023106886, "underpriced_count": 39, "median_days_on_market": 22.997479841794}