{"total_listings": 362, "new_this_week": 674, "median_price": 1600.0, "price_change_pct": 0.333333333333333, "avg_bedrooms": 1.8390243902439023, "model_mdae": 235.51378414045712, "underpriced_count": 34, "median_days_on_market": 8.99486707002315}