{"total_listings": 258, "new_this_week": 73, "median_price": 1200.0, "price_change_pct": 0, "avg_bedrooms": 1.6557377049180328, "model_mdae": 1.9361954443311333, "underpriced_count": 0, "median_days_on_market": 14.64931501375}