{"total_listings": 212, "new_this_week": 54, "median_price": 1499.0, "price_change_pct": 0.0707142857142857, "avg_bedrooms": 1.6278195488721805, "avg_days_on_market": 25.65453366644047}