{"total_listings": 345, "new_this_week": 63, "median_price": 1700.0, "price_change_pct": 0.416666666666667, "avg_bedrooms": 1.8690176322418135, "model_mdae": 218.96319592270214, "underpriced_count": 38, "median_days_on_market": 14.5150090072454}