{"total_listings": 247, "new_this_week": 56, "median_price": 1325.0, "price_change_pct": -0.0862068965517241, "avg_bedrooms": 1.6678966789667897, "avg_days_on_market": 27.475601658329307}