{"total_listings": 243, "new_this_week": 54, "median_price": 1200.0, "price_change_pct": 0.0, "avg_bedrooms": 1.70446735395189, "model_mdae": 1.5597895700955178, "underpriced_count": 0, "median_days_on_market": 19.9910701833333}