{"total_listings": 250, "new_this_week": 53, "median_price": 1200.0, "price_change_pct": -0.04, "avg_bedrooms": 1.6928327645051195, "model_mdae": 1.7959946876303547, "underpriced_count": 0, "median_days_on_market": 22.0168862731713}