{"total_listings": 354, "new_this_week": 65, "median_price": 1600.0, "price_change_pct": 0.333333333333333, "avg_bedrooms": 1.8967254408060452, "model_mdae": 235.53353819638892, "underpriced_count": 32, "median_days_on_market": 8.49654640825231}