{"total_listings": 236, "new_this_week": 59, "median_price": 1400.0, "price_change_pct": 0.0, "avg_bedrooms": 1.6485507246376812, "avg_days_on_market": 26.71707415238842}