{"total_listings": 219, "new_this_week": 62, "median_price": 1450.0, "price_change_pct": 0.0740740740740741, "avg_bedrooms": 1.678294573643411, "avg_days_on_market": 24.796972916651463}