{"total_listings": 254, "new_this_week": 51, "median_price": 1200.0, "price_change_pct": 0, "avg_bedrooms": 1.6655172413793102, "model_mdae": 1.8984687468503125, "underpriced_count": 0, "median_days_on_market": 18.7580176361111}