{"total_listings": 253, "new_this_week": 52, "median_price": 1350.0, "price_change_pct": -0.0847457627118644, "avg_bedrooms": 1.6526717557251909, "avg_days_on_market": 26.80259016359466}