{"total_listings": 231, "new_this_week": 68, "median_price": 1450.0, "price_change_pct": 0.0740740740740741, "avg_bedrooms": 1.6931818181818181, "avg_days_on_market": 24.612469150599033}