{"total_listings": 248, "new_this_week": 61, "median_price": 1350.0, "price_change_pct": -0.0689655172413793, "avg_bedrooms": 1.6541353383458648, "avg_days_on_market": 26.80956696715111}