{"total_listings": 346, "new_this_week": 64, "median_price": 1675.0, "price_change_pct": 0.395833333333333, "avg_bedrooms": 1.863861386138614, "model_mdae": 242.91353707327875, "underpriced_count": 33, "median_days_on_market": 12.4877686907465}