{"total_listings": 224, "new_this_week": 51, "median_price": 1450.0, "price_change_pct": 0.0357142857142857, "avg_bedrooms": 1.6221374045801527, "avg_days_on_market": 25.44751240249005}