{"total_listings": 220, "new_this_week": 41, "median_price": 1487.0, "price_change_pct": 0.0621428571428571, "avg_bedrooms": 1.6332046332046333, "avg_days_on_market": 25.630237934395662}