{"total_listings": 250, "new_this_week": 52, "median_price": 1200.0, "price_change_pct": 0, "avg_bedrooms": 1.6621160409556315, "model_mdae": 1.3348191171639883, "underpriced_count": 0, "median_days_on_market": 19.767184547309}