{"total_listings": 247, "new_this_week": 283, "median_price": 1200.0, "price_change_pct": 0, "avg_bedrooms": 1.6703703703703705, "model_mdae": 5.028473776349301, "underpriced_count": 1}