{"total_listings": 233, "new_this_week": 40, "median_price": 1350.0, "price_change_pct": 0.0384615384615385, "avg_bedrooms": 1.6732283464566928, "avg_days_on_market": 20.90239793301022}