{"total_listings": 226, "new_this_week": 47, "median_price": 1350.0, "price_change_pct": 0.08, "avg_bedrooms": 1.6893939393939394, "avg_days_on_market": 20.46657393209486}